file,line,type,commit,author,date,time,timezone,datetime,depth,length
style.css,1,css,1e6cabd3,Sweekrit-B,2026-04-08,18:56:49,-07:00,2026-04-08T18:56:49-07:00,0,5
style.css,2,css,1e6cabd3,Sweekrit-B,2026-04-08,18:56:49,-07:00,2026-04-08T18:56:49-07:00,0,45
style.css,3,css,1e6cabd3,Sweekrit-B,2026-04-08,18:56:49,-07:00,2026-04-08T18:56:49-07:00,0,33
style.css,4,css,f5a59954,Sweekrit-B,2026-04-16,17:38:03,-07:00,2026-04-16T17:38:03-07:00,0,17
style.css,5,css,1e6cabd3,Sweekrit-B,2026-04-08,18:56:49,-07:00,2026-04-08T18:56:49-07:00,0,0
style.css,6,css,1e6cabd3,Sweekrit-B,2026-04-08,18:56:49,-07:00,2026-04-08T18:56:49-07:00,0,0
style.css,7,css,1ce71b76,Sweekrit-B,2026-04-02,19:24:58,-07:00,2026-04-02T19:24:58-07:00,0,4
style.css,8,css,1ce71b76,Sweekrit-B,2026-04-02,19:24:58,-07:00,2026-04-02T19:24:58-07:00,1,43
style.css,9,css,1ce71b76,Sweekrit-B,2026-04-02,19:24:58,-07:00,2026-04-02T19:24:58-07:00,0,42
style.css,10,css,1ce71b76,Sweekrit-B,2026-04-02,19:24:58,-07:00,2026-04-02T19:24:58-07:00,0,0
style.css,11,css,1ce71b76,Sweekrit-B,2026-04-02,19:24:58,-07:00,2026-04-02T19:24:58-07:00,1,23
style.css,12,css,1ce71b76,Sweekrit-B,2026-04-02,19:24:58,-07:00,2026-04-02T19:24:58-07:00,0,0
style.css,13,css,1ce71b76,Sweekrit-B,2026-04-02,19:24:58,-07:00,2026-04-02T19:24:58-07:00,0,0
style.css,14,css,f88db4be,Sweekrit-B,2026-04-10,20:10:18,-07:00,2026-04-10T20:10:18-07:00,0,8
style.css,15,css,f88db4be,Sweekrit-B,2026-04-10,20:10:18,-07:00,2026-04-10T20:10:18-07:00,1,15
style.css,16,css,f88db4be,Sweekrit-B,2026-04-10,20:10:18,-07:00,2026-04-10T20:10:18-07:00,1,16
style.css,17,css,f88db4be,Sweekrit-B,2026-04-10,20:10:18,-07:00,2026-04-10T20:10:18-07:00,1,17
style.css,18,css,f88db4be,Sweekrit-B,2026-04-10,20:10:18,-07:00,2026-04-10T20:10:18-07:00,0,0
style.css,19,css,f88db4be,Sweekrit-B,2026-04-10,20:10:18,-07:00,2026-04-10T20:10:18-07:00,0,0
style.css,20,css,1e6cabd3,Sweekrit-B,2026-04-08,18:56:49,-07:00,2026-04-08T18:56:49-07:00,0,1
style.css,21,css,1e6cabd3,Sweekrit-B,2026-04-08,18:56:49,-07:00,2026-04-08T18:56:49-07:00,0,1
style.css,22,css,1e6cabd3,Sweekrit-B,2026-04-08,18:56:49,-07:00,2026-04-08T18:56:49-07:00,0,1
style.css,23,css,1e6cabd3,Sweekrit-B,2026-04-08,18:56:49,-07:00,2026-04-08T18:56:49-07:00,0,1
style.css,24,css,1e6cabd3,Sweekrit-B,2026-04-08,18:56:49,-07:00,2026-04-08T18:56:49-07:00,0,1
style.css,25,css,1e6cabd3,Sweekrit-B,2026-04-08,18:56:49,-07:00,2026-04-08T18:56:49-07:00,0,2
style.css,26,css,1e6cabd3,Sweekrit-B,2026-04-08,18:56:49,-07:00,2026-04-08T18:56:49-07:00,0,15
style.css,27,css,1e6cabd3,Sweekrit-B,2026-04-08,18:56:49,-07:00,2026-04-08T18:56:49-07:00,0,17
style.css,28,css,1e6cabd3,Sweekrit-B,2026-04-08,18:56:49,-07:00,2026-04-08T18:56:49-07:00,0,0
style.css,29,css,1e6cabd3,Sweekrit-B,2026-04-08,18:56:49,-07:00,2026-04-08T18:56:49-07:00,0,0
style.css,30,css,1e6cabd3,Sweekrit-B,2026-04-08,18:56:49,-07:00,2026-04-08T18:56:49-07:00,0,2
style.css,31,css,1e6cabd3,Sweekrit-B,2026-04-08,18:56:49,-07:00,2026-04-08T18:56:49-07:00,0,14
style.css,32,css,f88db4be,Sweekrit-B,2026-04-10,20:10:18,-07:00,2026-04-10T20:10:18-07:00,0,35
style.css,33,css,f88db4be,Sweekrit-B,2026-04-10,20:10:18,-07:00,2026-04-10T20:10:18-07:00,0,14
style.css,34,css,f88db4be,Sweekrit-B,2026-04-10,20:10:18,-07:00,2026-04-10T20:10:18-07:00,0,10
style.css,35,css,f88db4be,Sweekrit-B,2026-04-10,20:10:18,-07:00,2026-04-10T20:10:18-07:00,0,21
style.css,36,css,f88db4be,Sweekrit-B,2026-04-10,20:10:18,-07:00,2026-04-10T20:10:18-07:00,0,16
style.css,37,css,f88db4be,Sweekrit-B,2026-04-10,20:10:18,-07:00,2026-04-10T20:10:18-07:00,0,17
style.css,38,css,f88db4be,Sweekrit-B,2026-04-10,20:10:18,-07:00,2026-04-10T20:10:18-07:00,0,17
style.css,39,css,1e6cabd3,Sweekrit-B,2026-04-08,18:56:49,-07:00,2026-04-08T18:56:49-07:00,0,0
style.css,40,css,1e6cabd3,Sweekrit-B,2026-04-08,18:56:49,-07:00,2026-04-08T18:56:49-07:00,0,0
style.css,41,css,1e6cabd3,Sweekrit-B,2026-04-08,18:56:49,-07:00,2026-04-08T18:56:49-07:00,0,4
style.css,42,css,1e6cabd3,Sweekrit-B,2026-04-08,18:56:49,-07:00,2026-04-08T18:56:49-07:00,0,7
style.css,43,css,1e6cabd3,Sweekrit-B,2026-04-08,18:56:49,-07:00,2026-04-08T18:56:49-07:00,0,6
style.css,44,css,1e6cabd3,Sweekrit-B,2026-04-08,18:56:49,-07:00,2026-04-08T18:56:49-07:00,0,12
style.css,45,css,1e6cabd3,Sweekrit-B,2026-04-08,18:56:49,-07:00,2026-04-08T18:56:49-07:00,0,0
style.css,46,css,1e6cabd3,Sweekrit-B,2026-04-08,18:56:49,-07:00,2026-04-08T18:56:49-07:00,0,0
style.css,47,css,1ce71b76,Sweekrit-B,2026-04-02,19:24:58,-07:00,2026-04-02T19:24:58-07:00,0,3
style.css,48,css,1ce71b76,Sweekrit-B,2026-04-02,19:24:58,-07:00,2026-04-02T19:24:58-07:00,0,14
style.css,49,css,1ce71b76,Sweekrit-B,2026-04-02,19:24:58,-07:00,2026-04-02T19:24:58-07:00,0,11
style.css,50,css,1ce71b76,Sweekrit-B,2026-04-02,19:24:58,-07:00,2026-04-02T19:24:58-07:00,0,13
style.css,51,css,1e6cabd3,Sweekrit-B,2026-04-08,18:56:49,-07:00,2026-04-08T18:56:49-07:00,0,0
style.css,52,css,1e6cabd3,Sweekrit-B,2026-04-08,18:56:49,-07:00,2026-04-08T18:56:49-07:00,0,0
style.css,53,css,1e6cabd3,Sweekrit-B,2026-04-08,18:56:49,-07:00,2026-04-08T18:56:49-07:00,0,3
style.css,54,css,f5a59954,Sweekrit-B,2026-04-16,17:38:03,-07:00,2026-04-16T17:38:03-07:00,0,39
style.css,55,css,1e6cabd3,Sweekrit-B,2026-04-08,18:56:49,-07:00,2026-04-08T18:56:49-07:00,0,12
style.css,56,css,1e6cabd3,Sweekrit-B,2026-04-08,18:56:49,-07:00,2026-04-08T18:56:49-07:00,0,18
style.css,57,css,f5a59954,Sweekrit-B,2026-04-16,17:38:03,-07:00,2026-04-16T17:38:03-07:00,0,43
style.css,58,css,1e6cabd3,Sweekrit-B,2026-04-08,18:56:49,-07:00,2026-04-08T18:56:49-07:00,0,0
style.css,59,css,1e6cabd3,Sweekrit-B,2026-04-08,18:56:49,-07:00,2026-04-08T18:56:49-07:00,0,0
style.css,60,css,4e123f39,Sweekrit-B,2026-04-24,14:46:51,-07:00,2026-04-24T14:46:51-07:00,0,20
style.css,61,css,4e123f39,Sweekrit-B,2026-04-24,14:46:51,-07:00,2026-04-24T14:46:51-07:00,0,17
style.css,62,css,4e123f39,Sweekrit-B,2026-04-24,14:46:51,-07:00,2026-04-24T14:46:51-07:00,0,8
style.css,63,css,4e123f39,Sweekrit-B,2026-04-24,14:46:51,-07:00,2026-04-24T14:46:51-07:00,0,10
style.css,64,css,4e123f39,Sweekrit-B,2026-04-24,14:46:51,-07:00,2026-04-24T14:46:51-07:00,0,10
style.css,65,css,4e123f39,Sweekrit-B,2026-04-24,14:46:51,-07:00,2026-04-24T14:46:51-07:00,0,15
style.css,66,css,4e123f39,Sweekrit-B,2026-04-24,14:46:51,-07:00,2026-04-24T14:46:51-07:00,0,15
style.css,67,css,4e123f39,Sweekrit-B,2026-04-24,14:46:51,-07:00,2026-04-24T14:46:51-07:00,0,38
style.css,68,css,4e123f39,Sweekrit-B,2026-04-24,14:46:51,-07:00,2026-04-24T14:46:51-07:00,0,21
style.css,69,css,4e123f39,Sweekrit-B,2026-04-24,14:46:51,-07:00,2026-04-24T14:46:51-07:00,0,60
style.css,70,css,4e123f39,Sweekrit-B,2026-04-24,14:46:51,-07:00,2026-04-24T14:46:51-07:00,0,57
style.css,71,css,4e123f39,Sweekrit-B,2026-04-24,14:46:51,-07:00,2026-04-24T14:46:51-07:00,0,13
style.css,72,css,4e123f39,Sweekrit-B,2026-04-24,14:46:51,-07:00,2026-04-24T14:46:51-07:00,0,15
style.css,73,css,4e123f39,Sweekrit-B,2026-04-24,14:46:51,-07:00,2026-04-24T14:46:51-07:00,0,14
style.css,74,css,4e123f39,Sweekrit-B,2026-04-24,14:46:51,-07:00,2026-04-24T14:46:51-07:00,0,85
style.css,75,css,4e123f39,Sweekrit-B,2026-04-24,14:46:51,-07:00,2026-04-24T14:46:51-07:00,0,0
style.css,76,css,1e6cabd3,Sweekrit-B,2026-04-08,18:56:49,-07:00,2026-04-08T18:56:49-07:00,0,8
style.css,77,css,f88db4be,Sweekrit-B,2026-04-10,20:10:18,-07:00,2026-04-10T20:10:18-07:00,0,15
style.css,78,css,1e6cabd3,Sweekrit-B,2026-04-08,18:56:49,-07:00,2026-04-08T18:56:49-07:00,0,18
style.css,79,css,1e6cabd3,Sweekrit-B,2026-04-08,18:56:49,-07:00,2026-04-08T18:56:49-07:00,0,12
style.css,80,css,1e6cabd3,Sweekrit-B,2026-04-08,18:56:49,-07:00,2026-04-08T18:56:49-07:00,0,0
style.css,81,css,1e6cabd3,Sweekrit-B,2026-04-08,18:56:49,-07:00,2026-04-08T18:56:49-07:00,0,0
style.css,82,css,1e6cabd3,Sweekrit-B,2026-04-08,18:56:49,-07:00,2026-04-08T18:56:49-07:00,0,6
style.css,83,css,1e6cabd3,Sweekrit-B,2026-04-08,18:56:49,-07:00,2026-04-08T18:56:49-07:00,0,16
style.css,84,css,1e6cabd3,Sweekrit-B,2026-04-08,18:56:49,-07:00,2026-04-08T18:56:49-07:00,0,0
style.css,85,css,1e6cabd3,Sweekrit-B,2026-04-08,18:56:49,-07:00,2026-04-08T18:56:49-07:00,0,0
style.css,86,css,1e6cabd3,Sweekrit-B,2026-04-08,18:56:49,-07:00,2026-04-08T18:56:49-07:00,0,9
style.css,87,css,1e6cabd3,Sweekrit-B,2026-04-08,18:56:49,-07:00,2026-04-08T18:56:49-07:00,0,16
style.css,88,css,1e6cabd3,Sweekrit-B,2026-04-08,18:56:49,-07:00,2026-04-08T18:56:49-07:00,0,0
style.css,89,css,1e6cabd3,Sweekrit-B,2026-04-08,18:56:49,-07:00,2026-04-08T18:56:49-07:00,0,0
style.css,90,css,1e6cabd3,Sweekrit-B,2026-04-08,18:56:49,-07:00,2026-04-08T18:56:49-07:00,0,5
style.css,91,css,1e6cabd3,Sweekrit-B,2026-04-08,18:56:49,-07:00,2026-04-08T18:56:49-07:00,0,20
style.css,92,css,1e6cabd3,Sweekrit-B,2026-04-08,18:56:49,-07:00,2026-04-08T18:56:49-07:00,0,13
style.css,93,css,1e6cabd3,Sweekrit-B,2026-04-08,18:56:49,-07:00,2026-04-08T18:56:49-07:00,0,17
style.css,94,css,1e6cabd3,Sweekrit-B,2026-04-08,18:56:49,-07:00,2026-04-08T18:56:49-07:00,0,13
style.css,95,css,1e6cabd3,Sweekrit-B,2026-04-08,18:56:49,-07:00,2026-04-08T18:56:49-07:00,0,6
style.css,96,css,1e6cabd3,Sweekrit-B,2026-04-08,18:56:49,-07:00,2026-04-08T18:56:49-07:00,0,0
style.css,97,css,1e6cabd3,Sweekrit-B,2026-04-08,18:56:49,-07:00,2026-04-08T18:56:49-07:00,0,0
style.css,98,css,1e6cabd3,Sweekrit-B,2026-04-08,18:56:49,-07:00,2026-04-08T18:56:49-07:00,0,11
style.css,99,css,f5a59954,Sweekrit-B,2026-04-16,17:38:03,-07:00,2026-04-16T17:38:03-07:00,0,69
style.css,100,css,1e6cabd3,Sweekrit-B,2026-04-08,18:56:49,-07:00,2026-04-08T18:56:49-07:00,0,45
style.css,101,css,1e6cabd3,Sweekrit-B,2026-04-08,18:56:49,-07:00,2026-04-08T18:56:49-07:00,0,20
style.css,102,css,1e6cabd3,Sweekrit-B,2026-04-08,18:56:49,-07:00,2026-04-08T18:56:49-07:00,0,0
style.css,103,css,1e6cabd3,Sweekrit-B,2026-04-08,18:56:49,-07:00,2026-04-08T18:56:49-07:00,0,0
style.css,104,css,1e6cabd3,Sweekrit-B,2026-04-08,18:56:49,-07:00,2026-04-08T18:56:49-07:00,0,13
style.css,105,css,1e6cabd3,Sweekrit-B,2026-04-08,18:56:49,-07:00,2026-04-08T18:56:49-07:00,0,46
style.css,106,css,1e6cabd3,Sweekrit-B,2026-04-08,18:56:49,-07:00,2026-04-08T18:56:49-07:00,0,20
style.css,107,css,1e6cabd3,Sweekrit-B,2026-04-08,18:56:49,-07:00,2026-04-08T18:56:49-07:00,0,0
style.css,108,css,1e6cabd3,Sweekrit-B,2026-04-08,18:56:49,-07:00,2026-04-08T18:56:49-07:00,0,0
style.css,109,css,1e6cabd3,Sweekrit-B,2026-04-08,18:56:49,-07:00,2026-04-08T18:56:49-07:00,0,19
style.css,110,css,f5a59954,Sweekrit-B,2026-04-16,17:38:03,-07:00,2026-04-16T17:38:03-07:00,0,70
style.css,111,css,1e6cabd3,Sweekrit-B,2026-04-08,18:56:49,-07:00,2026-04-08T18:56:49-07:00,0,46
style.css,112,css,1e6cabd3,Sweekrit-B,2026-04-08,18:56:49,-07:00,2026-04-08T18:56:49-07:00,0,20
style.css,113,css,1e6cabd3,Sweekrit-B,2026-04-08,18:56:49,-07:00,2026-04-08T18:56:49-07:00,0,0
style.css,114,css,1e6cabd3,Sweekrit-B,2026-04-08,18:56:49,-07:00,2026-04-08T18:56:49-07:00,0,0
style.css,115,css,1e6cabd3,Sweekrit-B,2026-04-08,18:56:49,-07:00,2026-04-08T18:56:49-07:00,0,4
style.css,116,css,1e6cabd3,Sweekrit-B,2026-04-08,18:56:49,-07:00,2026-04-08T18:56:49-07:00,0,12
style.css,117,css,1e6cabd3,Sweekrit-B,2026-04-08,18:56:49,-07:00,2026-04-08T18:56:49-07:00,0,30
style.css,118,css,1e6cabd3,Sweekrit-B,2026-04-08,18:56:49,-07:00,2026-04-08T18:56:49-07:00,0,7
style.css,119,css,1e6cabd3,Sweekrit-B,2026-04-08,18:56:49,-07:00,2026-04-08T18:56:49-07:00,0,0
style.css,120,css,1e6cabd3,Sweekrit-B,2026-04-08,18:56:49,-07:00,2026-04-08T18:56:49-07:00,0,0
style.css,121,css,1e6cabd3,Sweekrit-B,2026-04-08,18:56:49,-07:00,2026-04-08T18:56:49-07:00,0,5
style.css,122,css,1e6cabd3,Sweekrit-B,2026-04-08,18:56:49,-07:00,2026-04-08T18:56:49-07:00,0,12
style.css,123,css,1e6cabd3,Sweekrit-B,2026-04-08,18:56:49,-07:00,2026-04-08T18:56:49-07:00,0,29
style.css,124,css,1e6cabd3,Sweekrit-B,2026-04-08,18:56:49,-07:00,2026-04-08T18:56:49-07:00,0,18
style.css,125,css,1e6cabd3,Sweekrit-B,2026-04-08,18:56:49,-07:00,2026-04-08T18:56:49-07:00,0,0
style.css,126,css,1e6cabd3,Sweekrit-B,2026-04-08,18:56:49,-07:00,2026-04-08T18:56:49-07:00,0,0
style.css,127,css,1e6cabd3,Sweekrit-B,2026-04-08,18:56:49,-07:00,2026-04-08T18:56:49-07:00,0,6
style.css,128,css,1e6cabd3,Sweekrit-B,2026-04-08,18:56:49,-07:00,2026-04-08T18:56:49-07:00,0,18
style.css,129,css,1e6cabd3,Sweekrit-B,2026-04-08,18:56:49,-07:00,2026-04-08T18:56:49-07:00,0,0
style.css,130,css,1e6cabd3,Sweekrit-B,2026-04-08,18:56:49,-07:00,2026-04-08T18:56:49-07:00,0,0
style.css,131,css,1e6cabd3,Sweekrit-B,2026-04-08,18:56:49,-07:00,2026-04-08T18:56:49-07:00,0,9
style.css,132,css,1e6cabd3,Sweekrit-B,2026-04-08,18:56:49,-07:00,2026-04-08T18:56:49-07:00,0,12
style.css,133,css,04a020ad,Sweekrit-B,2026-04-24,13:50:40,-07:00,2026-04-24T13:50:40-07:00,0,59
style.css,134,css,04a020ad,Sweekrit-B,2026-04-24,13:50:40,-07:00,2026-04-24T13:50:40-07:00,0,17
style.css,135,css,f88db4be,Sweekrit-B,2026-04-10,20:10:18,-07:00,2026-04-10T20:10:18-07:00,0,15
style.css,136,css,1e6cabd3,Sweekrit-B,2026-04-08,18:56:49,-07:00,2026-04-08T18:56:49-07:00,0,7
style.css,137,css,1e6cabd3,Sweekrit-B,2026-04-08,18:56:49,-07:00,2026-04-08T18:56:49-07:00,0,0
style.css,138,css,1e6cabd3,Sweekrit-B,2026-04-08,18:56:49,-07:00,2026-04-08T18:56:49-07:00,0,0
style.css,139,css,1e6cabd3,Sweekrit-B,2026-04-08,18:56:49,-07:00,2026-04-08T18:56:49-07:00,0,17
style.css,140,css,46f5dfb9,Sweekrit-B,2026-05-01,21:31:19,-07:00,2026-05-01T21:31:19-07:00,0,12
style.css,141,css,46f5dfb9,Sweekrit-B,2026-05-01,21:31:19,-07:00,2026-05-01T21:31:19-07:00,0,21
style.css,142,css,04a020ad,Sweekrit-B,2026-04-24,13:50:40,-07:00,2026-04-24T13:50:40-07:00,0,11
style.css,143,css,04a020ad,Sweekrit-B,2026-04-24,13:50:40,-07:00,2026-04-24T13:50:40-07:00,0,12
style.css,144,css,04a020ad,Sweekrit-B,2026-04-24,13:50:40,-07:00,2026-04-24T13:50:40-07:00,0,60
style.css,145,css,04a020ad,Sweekrit-B,2026-04-24,13:50:40,-07:00,2026-04-24T13:50:40-07:00,0,21
style.css,146,css,04a020ad,Sweekrit-B,2026-04-24,13:50:40,-07:00,2026-04-24T13:50:40-07:00,0,57
style.css,147,css,1e6cabd3,Sweekrit-B,2026-04-08,18:56:49,-07:00,2026-04-08T18:56:49-07:00,0,0
style.css,148,css,1e6cabd3,Sweekrit-B,2026-04-08,18:56:49,-07:00,2026-04-08T18:56:49-07:00,0,0
style.css,149,css,1e6cabd3,Sweekrit-B,2026-04-08,18:56:49,-07:00,2026-04-08T18:56:49-07:00,0,12
style.css,150,css,1e6cabd3,Sweekrit-B,2026-04-08,18:56:49,-07:00,2026-04-08T18:56:49-07:00,0,8
style.css,151,css,1e6cabd3,Sweekrit-B,2026-04-08,18:56:49,-07:00,2026-04-08T18:56:49-07:00,0,0
style.css,152,css,1e6cabd3,Sweekrit-B,2026-04-08,18:56:49,-07:00,2026-04-08T18:56:49-07:00,0,0
style.css,153,css,04a020ad,Sweekrit-B,2026-04-24,13:50:40,-07:00,2026-04-24T13:50:40-07:00,0,13
style.css,154,css,04a020ad,Sweekrit-B,2026-04-24,13:50:40,-07:00,2026-04-24T13:50:40-07:00,0,8
style.css,155,css,04a020ad,Sweekrit-B,2026-04-24,13:50:40,-07:00,2026-04-24T13:50:40-07:00,0,16
style.css,156,css,04a020ad,Sweekrit-B,2026-04-24,13:50:40,-07:00,2026-04-24T13:50:40-07:00,0,21
style.css,157,css,04a020ad,Sweekrit-B,2026-04-24,13:50:40,-07:00,2026-04-24T13:50:40-07:00,0,49
style.css,158,css,04a020ad,Sweekrit-B,2026-04-24,13:50:40,-07:00,2026-04-24T13:50:40-07:00,0,0
style.css,159,css,04a020ad,Sweekrit-B,2026-04-24,13:50:40,-07:00,2026-04-24T13:50:40-07:00,0,0
style.css,160,css,04a020ad,Sweekrit-B,2026-04-24,13:50:40,-07:00,2026-04-24T13:50:40-07:00,0,21
style.css,161,css,04a020ad,Sweekrit-B,2026-04-24,13:50:40,-07:00,2026-04-24T13:50:40-07:00,0,20
style.css,162,css,04a020ad,Sweekrit-B,2026-04-24,13:50:40,-07:00,2026-04-24T13:50:40-07:00,0,15
style.css,163,css,04a020ad,Sweekrit-B,2026-04-24,13:50:40,-07:00,2026-04-24T13:50:40-07:00,0,0
style.css,164,css,04a020ad,Sweekrit-B,2026-04-24,13:50:40,-07:00,2026-04-24T13:50:40-07:00,0,0
style.css,165,css,46f5dfb9,Sweekrit-B,2026-05-01,21:31:19,-07:00,2026-05-01T21:31:19-07:00,0,14
style.css,166,css,46f5dfb9,Sweekrit-B,2026-05-01,21:31:19,-07:00,2026-05-01T21:31:19-07:00,0,20
style.css,167,css,46f5dfb9,Sweekrit-B,2026-05-01,21:31:19,-07:00,2026-05-01T21:31:19-07:00,0,15
style.css,168,css,46f5dfb9,Sweekrit-B,2026-05-01,21:31:19,-07:00,2026-05-01T21:31:19-07:00,0,16
style.css,169,css,46f5dfb9,Sweekrit-B,2026-05-01,21:31:19,-07:00,2026-05-01T21:31:19-07:00,0,0
style.css,170,css,46f5dfb9,Sweekrit-B,2026-05-01,21:31:19,-07:00,2026-05-01T21:31:19-07:00,0,0
style.css,171,css,46f5dfb9,Sweekrit-B,2026-05-01,21:31:19,-07:00,2026-05-01T21:31:19-07:00,0,21
style.css,172,css,46f5dfb9,Sweekrit-B,2026-05-01,21:31:19,-07:00,2026-05-01T21:31:19-07:00,0,20
style.css,173,css,46f5dfb9,Sweekrit-B,2026-05-01,21:31:19,-07:00,2026-05-01T21:31:19-07:00,0,0
style.css,174,css,46f5dfb9,Sweekrit-B,2026-05-01,21:31:19,-07:00,2026-05-01T21:31:19-07:00,0,0
style.css,175,css,04a020ad,Sweekrit-B,2026-04-24,13:50:40,-07:00,2026-04-24T13:50:40-07:00,0,19
style.css,176,css,04a020ad,Sweekrit-B,2026-04-24,13:50:40,-07:00,2026-04-24T13:50:40-07:00,0,8
style.css,177,css,04a020ad,Sweekrit-B,2026-04-24,13:50:40,-07:00,2026-04-24T13:50:40-07:00,0,0
style.css,178,css,04a020ad,Sweekrit-B,2026-04-24,13:50:40,-07:00,2026-04-24T13:50:40-07:00,0,0
style.css,179,css,04a020ad,Sweekrit-B,2026-04-24,13:50:40,-07:00,2026-04-24T13:50:40-07:00,0,19
style.css,180,css,04a020ad,Sweekrit-B,2026-04-24,13:50:40,-07:00,2026-04-24T13:50:40-07:00,0,18
style.css,181,css,04a020ad,Sweekrit-B,2026-04-24,13:50:40,-07:00,2026-04-24T13:50:40-07:00,0,14
style.css,182,css,04a020ad,Sweekrit-B,2026-04-24,13:50:40,-07:00,2026-04-24T13:50:40-07:00,0,0
style.css,183,css,04a020ad,Sweekrit-B,2026-04-24,13:50:40,-07:00,2026-04-24T13:50:40-07:00,0,0
style.css,184,css,04a020ad,Sweekrit-B,2026-04-24,13:50:40,-07:00,2026-04-24T13:50:40-07:00,0,14
style.css,185,css,04a020ad,Sweekrit-B,2026-04-24,13:50:40,-07:00,2026-04-24T13:50:40-07:00,0,14
style.css,186,css,04a020ad,Sweekrit-B,2026-04-24,13:50:40,-07:00,2026-04-24T13:50:40-07:00,0,12
style.css,187,css,04a020ad,Sweekrit-B,2026-04-24,13:50:40,-07:00,2026-04-24T13:50:40-07:00,0,14
style.css,188,css,04a020ad,Sweekrit-B,2026-04-24,13:50:40,-07:00,2026-04-24T13:50:40-07:00,0,10
style.css,189,css,04a020ad,Sweekrit-B,2026-04-24,13:50:40,-07:00,2026-04-24T13:50:40-07:00,0,9
style.css,190,css,04a020ad,Sweekrit-B,2026-04-24,13:50:40,-07:00,2026-04-24T13:50:40-07:00,0,8
style.css,191,css,04a020ad,Sweekrit-B,2026-04-24,13:50:40,-07:00,2026-04-24T13:50:40-07:00,0,15
style.css,192,css,04a020ad,Sweekrit-B,2026-04-24,13:50:40,-07:00,2026-04-24T13:50:40-07:00,0,0
style.css,193,css,04a020ad,Sweekrit-B,2026-04-24,13:50:40,-07:00,2026-04-24T13:50:40-07:00,0,0
style.css,194,css,04a020ad,Sweekrit-B,2026-04-24,13:50:40,-07:00,2026-04-24T13:50:40-07:00,0,17
style.css,195,css,04a020ad,Sweekrit-B,2026-04-24,13:50:40,-07:00,2026-04-24T13:50:40-07:00,0,17
style.css,196,css,04a020ad,Sweekrit-B,2026-04-24,13:50:40,-07:00,2026-04-24T13:50:40-07:00,0,8
style.css,197,css,04a020ad,Sweekrit-B,2026-04-24,13:50:40,-07:00,2026-04-24T13:50:40-07:00,0,0
style.css,198,css,04a020ad,Sweekrit-B,2026-04-24,13:50:40,-07:00,2026-04-24T13:50:40-07:00,0,0
style.css,199,css,04a020ad,Sweekrit-B,2026-04-24,13:50:40,-07:00,2026-04-24T13:50:40-07:00,0,18
style.css,200,css,04a020ad,Sweekrit-B,2026-04-24,13:50:40,-07:00,2026-04-24T13:50:40-07:00,0,22
style.css,201,css,04a020ad,Sweekrit-B,2026-04-24,13:50:40,-07:00,2026-04-24T13:50:40-07:00,0,19
style.css,202,css,04a020ad,Sweekrit-B,2026-04-24,13:50:40,-07:00,2026-04-24T13:50:40-07:00,0,64
style.css,203,css,04a020ad,Sweekrit-B,2026-04-24,13:50:40,-07:00,2026-04-24T13:50:40-07:00,0,0
style.css,204,css,04a020ad,Sweekrit-B,2026-04-24,13:50:40,-07:00,2026-04-24T13:50:40-07:00,0,0
style.css,205,css,46f5dfb9,Sweekrit-B,2026-05-01,21:31:19,-07:00,2026-05-01T21:31:19-07:00,0,0
style.css,206,css,04a020ad,Sweekrit-B,2026-04-24,13:50:40,-07:00,2026-04-24T13:50:40-07:00,0,0
style.css,207,css,04a020ad,Sweekrit-B,2026-04-24,13:50:40,-07:00,2026-04-24T13:50:40-07:00,0,16
style.css,208,css,46f5dfb9,Sweekrit-B,2026-05-01,21:31:19,-07:00,2026-05-01T21:31:19-07:00,0,20
style.css,209,css,46f5dfb9,Sweekrit-B,2026-05-01,21:31:19,-07:00,2026-05-01T21:31:19-07:00,0,20
style.css,210,css,46f5dfb9,Sweekrit-B,2026-05-01,21:31:19,-07:00,2026-05-01T21:31:19-07:00,0,22
style.css,211,css,46f5dfb9,Sweekrit-B,2026-05-01,21:31:19,-07:00,2026-05-01T21:31:19-07:00,0,20
style.css,212,css,46f5dfb9,Sweekrit-B,2026-05-01,21:31:19,-07:00,2026-05-01T21:31:19-07:00,0,69
style.css,213,css,46f5dfb9,Sweekrit-B,2026-05-01,21:31:19,-07:00,2026-05-01T21:31:19-07:00,0,13
style.css,214,css,46f5dfb9,Sweekrit-B,2026-05-01,21:31:19,-07:00,2026-05-01T21:31:19-07:00,0,60
style.css,215,css,46f5dfb9,Sweekrit-B,2026-05-01,21:31:19,-07:00,2026-05-01T21:31:19-07:00,0,0
style.css,216,css,46f5dfb9,Sweekrit-B,2026-05-01,21:31:19,-07:00,2026-05-01T21:31:19-07:00,0,0
style.css,217,css,46f5dfb9,Sweekrit-B,2026-05-01,21:31:19,-07:00,2026-05-01T21:31:19-07:00,0,22
style.css,218,css,46f5dfb9,Sweekrit-B,2026-05-01,21:31:19,-07:00,2026-05-01T21:31:19-07:00,0,69
style.css,219,css,46f5dfb9,Sweekrit-B,2026-05-01,21:31:19,-07:00,2026-05-01T21:31:19-07:00,0,26
style.css,220,css,04a020ad,Sweekrit-B,2026-04-24,13:50:40,-07:00,2026-04-24T13:50:40-07:00,0,0
style.css,221,css,04a020ad,Sweekrit-B,2026-04-24,13:50:40,-07:00,2026-04-24T13:50:40-07:00,0,0
style.css,222,css,04a020ad,Sweekrit-B,2026-04-24,13:50:40,-07:00,2026-04-24T13:50:40-07:00,0,14
style.css,223,css,04a020ad,Sweekrit-B,2026-04-24,13:50:40,-07:00,2026-04-24T13:50:40-07:00,0,14
style.css,224,css,04a020ad,Sweekrit-B,2026-04-24,13:50:40,-07:00,2026-04-24T13:50:40-07:00,0,16
style.css,225,css,04a020ad,Sweekrit-B,2026-04-24,13:50:40,-07:00,2026-04-24T13:50:40-07:00,0,9
style.css,226,css,04a020ad,Sweekrit-B,2026-04-24,13:50:40,-07:00,2026-04-24T13:50:40-07:00,0,0
style.css,227,css,04a020ad,Sweekrit-B,2026-04-24,13:50:40,-07:00,2026-04-24T13:50:40-07:00,0,0
style.css,228,css,04a020ad,Sweekrit-B,2026-04-24,13:50:40,-07:00,2026-04-24T13:50:40-07:00,0,13
style.css,229,css,04a020ad,Sweekrit-B,2026-04-24,13:50:40,-07:00,2026-04-24T13:50:40-07:00,0,17
style.css,230,css,04a020ad,Sweekrit-B,2026-04-24,13:50:40,-07:00,2026-04-24T13:50:40-07:00,0,16
style.css,231,css,04a020ad,Sweekrit-B,2026-04-24,13:50:40,-07:00,2026-04-24T13:50:40-07:00,0,29
style.css,232,css,04a020ad,Sweekrit-B,2026-04-24,13:50:40,-07:00,2026-04-24T13:50:40-07:00,0,21
style.css,233,css,04a020ad,Sweekrit-B,2026-04-24,13:50:40,-07:00,2026-04-24T13:50:40-07:00,0,76
style.css,234,css,04a020ad,Sweekrit-B,2026-04-24,13:50:40,-07:00,2026-04-24T13:50:40-07:00,0,0
style.css,235,css,04a020ad,Sweekrit-B,2026-04-24,13:50:40,-07:00,2026-04-24T13:50:40-07:00,0,0
style.css,236,css,04a020ad,Sweekrit-B,2026-04-24,13:50:40,-07:00,2026-04-24T13:50:40-07:00,0,16
style.css,237,css,04a020ad,Sweekrit-B,2026-04-24,13:50:40,-07:00,2026-04-24T13:50:40-07:00,0,15
style.css,238,css,04a020ad,Sweekrit-B,2026-04-24,13:50:40,-07:00,2026-04-24T13:50:40-07:00,0,16
style.css,239,css,04a020ad,Sweekrit-B,2026-04-24,13:50:40,-07:00,2026-04-24T13:50:40-07:00,0,15
style.css,240,css,04a020ad,Sweekrit-B,2026-04-24,13:50:40,-07:00,2026-04-24T13:50:40-07:00,0,0
style.css,241,css,04a020ad,Sweekrit-B,2026-04-24,13:50:40,-07:00,2026-04-24T13:50:40-07:00,0,0
style.css,242,css,04a020ad,Sweekrit-B,2026-04-24,13:50:40,-07:00,2026-04-24T13:50:40-07:00,0,16
style.css,243,css,04a020ad,Sweekrit-B,2026-04-24,13:50:40,-07:00,2026-04-24T13:50:40-07:00,0,12
style.css,244,css,04a020ad,Sweekrit-B,2026-04-24,13:50:40,-07:00,2026-04-24T13:50:40-07:00,0,47
style.css,245,css,04a020ad,Sweekrit-B,2026-04-24,13:50:40,-07:00,2026-04-24T13:50:40-07:00,0,10
style.css,246,css,04a020ad,Sweekrit-B,2026-04-24,13:50:40,-07:00,2026-04-24T13:50:40-07:00,0,8
style.css,247,css,04a020ad,Sweekrit-B,2026-04-24,13:50:40,-07:00,2026-04-24T13:50:40-07:00,0,0
style.css,248,css,04a020ad,Sweekrit-B,2026-04-24,13:50:40,-07:00,2026-04-24T13:50:40-07:00,0,0
style.css,249,css,04a020ad,Sweekrit-B,2026-04-24,13:50:40,-07:00,2026-04-24T13:50:40-07:00,0,20
style.css,250,css,04a020ad,Sweekrit-B,2026-04-24,13:50:40,-07:00,2026-04-24T13:50:40-07:00,0,12
style.css,251,css,04a020ad,Sweekrit-B,2026-04-24,13:50:40,-07:00,2026-04-24T13:50:40-07:00,0,10
style.css,252,css,04a020ad,Sweekrit-B,2026-04-24,13:50:40,-07:00,2026-04-24T13:50:40-07:00,0,0
style.css,253,css,04a020ad,Sweekrit-B,2026-04-24,13:50:40,-07:00,2026-04-24T13:50:40-07:00,0,0
style.css,254,css,04a020ad,Sweekrit-B,2026-04-24,13:50:40,-07:00,2026-04-24T13:50:40-07:00,0,16
style.css,255,css,04a020ad,Sweekrit-B,2026-04-24,13:50:40,-07:00,2026-04-24T13:50:40-07:00,0,17
style.css,256,css,04a020ad,Sweekrit-B,2026-04-24,13:50:40,-07:00,2026-04-24T13:50:40-07:00,0,21
style.css,257,css,04a020ad,Sweekrit-B,2026-04-24,13:50:40,-07:00,2026-04-24T13:50:40-07:00,0,24
style.css,258,css,04a020ad,Sweekrit-B,2026-04-24,13:50:40,-07:00,2026-04-24T13:50:40-07:00,0,49
style.css,259,css,04a020ad,Sweekrit-B,2026-04-24,13:50:40,-07:00,2026-04-24T13:50:40-07:00,0,15
style.css,260,css,04a020ad,Sweekrit-B,2026-04-24,13:50:40,-07:00,2026-04-24T13:50:40-07:00,0,0
style.css,261,css,04a020ad,Sweekrit-B,2026-04-24,13:50:40,-07:00,2026-04-24T13:50:40-07:00,0,0
style.css,262,css,04a020ad,Sweekrit-B,2026-04-24,13:50:40,-07:00,2026-04-24T13:50:40-07:00,0,16
style.css,263,css,04a020ad,Sweekrit-B,2026-04-24,13:50:40,-07:00,2026-04-24T13:50:40-07:00,0,8
style.css,264,css,04a020ad,Sweekrit-B,2026-04-24,13:50:40,-07:00,2026-04-24T13:50:40-07:00,0,35
style.css,265,css,04a020ad,Sweekrit-B,2026-04-24,13:50:40,-07:00,2026-04-24T13:50:40-07:00,0,13
style.css,266,css,04a020ad,Sweekrit-B,2026-04-24,13:50:40,-07:00,2026-04-24T13:50:40-07:00,0,15
style.css,267,css,04a020ad,Sweekrit-B,2026-04-24,13:50:40,-07:00,2026-04-24T13:50:40-07:00,0,0
style.css,268,css,04a020ad,Sweekrit-B,2026-04-24,13:50:40,-07:00,2026-04-24T13:50:40-07:00,0,0
style.css,269,css,04a020ad,Sweekrit-B,2026-04-24,13:50:40,-07:00,2026-04-24T13:50:40-07:00,0,25
style.css,270,css,04a020ad,Sweekrit-B,2026-04-24,13:50:40,-07:00,2026-04-24T13:50:40-07:00,0,16
style.css,271,css,04a020ad,Sweekrit-B,2026-04-24,13:50:40,-07:00,2026-04-24T13:50:40-07:00,0,47
style.css,272,css,04a020ad,Sweekrit-B,2026-04-24,13:50:40,-07:00,2026-04-24T13:50:40-07:00,0,0
style.css,273,css,04a020ad,Sweekrit-B,2026-04-24,13:50:40,-07:00,2026-04-24T13:50:40-07:00,0,0
style.css,274,css,04a020ad,Sweekrit-B,2026-04-24,13:50:40,-07:00,2026-04-24T13:50:40-07:00,0,0
style.css,275,css,04a020ad,Sweekrit-B,2026-04-24,13:50:40,-07:00,2026-04-24T13:50:40-07:00,0,25
style.css,276,css,4e123f39,Sweekrit-B,2026-04-24,14:46:51,-07:00,2026-04-24T14:46:51-07:00,0,20
style.css,277,css,4e123f39,Sweekrit-B,2026-04-24,14:46:51,-07:00,2026-04-24T14:46:51-07:00,0,9
style.css,278,css,4e123f39,Sweekrit-B,2026-04-24,14:46:51,-07:00,2026-04-24T14:46:51-07:00,0,10
style.css,279,css,4e123f39,Sweekrit-B,2026-04-24,14:46:51,-07:00,2026-04-24T14:46:51-07:00,0,8
style.css,280,css,4e123f39,Sweekrit-B,2026-04-24,14:46:51,-07:00,2026-04-24T14:46:51-07:00,0,14
style.css,281,css,4e123f39,Sweekrit-B,2026-04-24,14:46:51,-07:00,2026-04-24T14:46:51-07:00,0,0
style.css,282,css,4e123f39,Sweekrit-B,2026-04-24,14:46:51,-07:00,2026-04-24T14:46:51-07:00,0,0
style.css,283,css,04a020ad,Sweekrit-B,2026-04-24,13:50:40,-07:00,2026-04-24T13:50:40-07:00,0,16
style.css,284,css,04a020ad,Sweekrit-B,2026-04-24,13:50:40,-07:00,2026-04-24T13:50:40-07:00,0,25
style.css,285,css,04a020ad,Sweekrit-B,2026-04-24,13:50:40,-07:00,2026-04-24T13:50:40-07:00,0,0
style.css,286,css,04a020ad,Sweekrit-B,2026-04-24,13:50:40,-07:00,2026-04-24T13:50:40-07:00,0,0
style.css,287,css,04a020ad,Sweekrit-B,2026-04-24,13:50:40,-07:00,2026-04-24T13:50:40-07:00,0,0
style.css,288,css,1e6cabd3,Sweekrit-B,2026-04-08,18:56:49,-07:00,2026-04-08T18:56:49-07:00,0,11
style.css,289,css,1e6cabd3,Sweekrit-B,2026-04-08,18:56:49,-07:00,2026-04-08T18:56:49-07:00,0,12
style.css,290,css,1e6cabd3,Sweekrit-B,2026-04-08,18:56:49,-07:00,2026-04-08T18:56:49-07:00,0,59
style.css,291,css,1e6cabd3,Sweekrit-B,2026-04-08,18:56:49,-07:00,2026-04-08T18:56:49-07:00,0,7
style.css,292,css,1e6cabd3,Sweekrit-B,2026-04-08,18:56:49,-07:00,2026-04-08T18:56:49-07:00,0,0
style.css,293,css,1e6cabd3,Sweekrit-B,2026-04-08,18:56:49,-07:00,2026-04-08T18:56:49-07:00,0,0
style.css,294,css,1e6cabd3,Sweekrit-B,2026-04-08,18:56:49,-07:00,2026-04-08T18:56:49-07:00,0,18
style.css,295,css,1e6cabd3,Sweekrit-B,2026-04-08,18:56:49,-07:00,2026-04-08T18:56:49-07:00,0,18
style.css,296,css,1e6cabd3,Sweekrit-B,2026-04-08,18:56:49,-07:00,2026-04-08T18:56:49-07:00,0,0
style.css,297,css,1e6cabd3,Sweekrit-B,2026-04-08,18:56:49,-07:00,2026-04-08T18:56:49-07:00,0,0
style.css,298,css,1e6cabd3,Sweekrit-B,2026-04-08,18:56:49,-07:00,2026-04-08T18:56:49-07:00,0,19
style.css,299,css,1e6cabd3,Sweekrit-B,2026-04-08,18:56:49,-07:00,2026-04-08T18:56:49-07:00,0,12
style.css,300,css,1e6cabd3,Sweekrit-B,2026-04-08,18:56:49,-07:00,2026-04-08T18:56:49-07:00,0,21
style.css,301,css,4e123f39,Sweekrit-B,2026-04-24,14:46:51,-07:00,2026-04-24T14:46:51-07:00,0,60
style.css,302,css,4e123f39,Sweekrit-B,2026-04-24,14:46:51,-07:00,2026-04-24T14:46:51-07:00,0,21
style.css,303,css,1e6cabd3,Sweekrit-B,2026-04-08,18:56:49,-07:00,2026-04-08T18:56:49-07:00,0,12
style.css,304,css,4e123f39,Sweekrit-B,2026-04-24,14:46:51,-07:00,2026-04-24T14:46:51-07:00,0,57
style.css,305,css,1e6cabd3,Sweekrit-B,2026-04-08,18:56:49,-07:00,2026-04-08T18:56:49-07:00,0,29
style.css,306,css,1e6cabd3,Sweekrit-B,2026-04-08,18:56:49,-07:00,2026-04-08T18:56:49-07:00,0,0
style.css,307,css,1e6cabd3,Sweekrit-B,2026-04-08,18:56:49,-07:00,2026-04-08T18:56:49-07:00,0,0
style.css,308,css,1e6cabd3,Sweekrit-B,2026-04-08,18:56:49,-07:00,2026-04-08T18:56:49-07:00,0,26
style.css,309,css,4e123f39,Sweekrit-B,2026-04-24,14:46:51,-07:00,2026-04-24T14:46:51-07:00,0,17
style.css,310,css,1e6cabd3,Sweekrit-B,2026-04-08,18:56:49,-07:00,2026-04-08T18:56:49-07:00,0,21
style.css,311,css,1e6cabd3,Sweekrit-B,2026-04-08,18:56:49,-07:00,2026-04-08T18:56:49-07:00,0,0
style.css,312,css,1e6cabd3,Sweekrit-B,2026-04-08,18:56:49,-07:00,2026-04-08T18:56:49-07:00,0,0
style.css,313,css,1e6cabd3,Sweekrit-B,2026-04-08,18:56:49,-07:00,2026-04-08T18:56:49-07:00,0,22
style.css,314,css,4e123f39,Sweekrit-B,2026-04-24,14:46:51,-07:00,2026-04-24T14:46:51-07:00,0,18
style.css,315,css,4e123f39,Sweekrit-B,2026-04-24,14:46:51,-07:00,2026-04-24T14:46:51-07:00,0,0
style.css,316,css,4e123f39,Sweekrit-B,2026-04-24,14:46:51,-07:00,2026-04-24T14:46:51-07:00,0,0
style.css,317,css,4e123f39,Sweekrit-B,2026-04-24,14:46:51,-07:00,2026-04-24T14:46:51-07:00,0,22
style.css,318,css,4e123f39,Sweekrit-B,2026-04-24,14:46:51,-07:00,2026-04-24T14:46:51-07:00,0,8
style.css,319,css,4e123f39,Sweekrit-B,2026-04-24,14:46:51,-07:00,2026-04-24T14:46:51-07:00,0,20
style.css,320,css,4e123f39,Sweekrit-B,2026-04-24,14:46:51,-07:00,2026-04-24T14:46:51-07:00,0,12
style.css,321,css,4e123f39,Sweekrit-B,2026-04-24,14:46:51,-07:00,2026-04-24T14:46:51-07:00,0,11
style.css,322,css,4e123f39,Sweekrit-B,2026-04-24,14:46:51,-07:00,2026-04-24T14:46:51-07:00,0,0
style.css,323,css,4e123f39,Sweekrit-B,2026-04-24,14:46:51,-07:00,2026-04-24T14:46:51-07:00,0,0
style.css,324,css,4e123f39,Sweekrit-B,2026-04-24,14:46:51,-07:00,2026-04-24T14:46:51-07:00,0,12
style.css,325,css,4e123f39,Sweekrit-B,2026-04-24,14:46:51,-07:00,2026-04-24T14:46:51-07:00,0,8
style.css,326,css,4e123f39,Sweekrit-B,2026-04-24,14:46:51,-07:00,2026-04-24T14:46:51-07:00,0,17
style.css,327,css,4e123f39,Sweekrit-B,2026-04-24,14:46:51,-07:00,2026-04-24T14:46:51-07:00,0,49
style.css,328,css,4e123f39,Sweekrit-B,2026-04-24,14:46:51,-07:00,2026-04-24T14:46:51-07:00,0,0
style.css,329,css,4e123f39,Sweekrit-B,2026-04-24,14:46:51,-07:00,2026-04-24T14:46:51-07:00,0,0
style.css,330,css,4e123f39,Sweekrit-B,2026-04-24,14:46:51,-07:00,2026-04-24T14:46:51-07:00,0,14
style.css,331,css,4e123f39,Sweekrit-B,2026-04-24,14:46:51,-07:00,2026-04-24T14:46:51-07:00,0,15
style.css,332,css,1e6cabd3,Sweekrit-B,2026-04-08,18:56:49,-07:00,2026-04-08T18:56:49-07:00,0,0
style.css,333,css,1e6cabd3,Sweekrit-B,2026-04-08,18:56:49,-07:00,2026-04-08T18:56:49-07:00,0,0
style.css,334,css,1e6cabd3,Sweekrit-B,2026-04-08,18:56:49,-07:00,2026-04-08T18:56:49-07:00,0,13
style.css,335,css,4e123f39,Sweekrit-B,2026-04-24,14:46:51,-07:00,2026-04-24T14:46:51-07:00,0,60
style.css,336,css,4e123f39,Sweekrit-B,2026-04-24,14:46:51,-07:00,2026-04-24T14:46:51-07:00,0,21
style.css,337,css,1e6cabd3,Sweekrit-B,2026-04-08,18:56:49,-07:00,2026-04-08T18:56:49-07:00,0,12
style.css,338,css,4e123f39,Sweekrit-B,2026-04-24,14:46:51,-07:00,2026-04-24T14:46:51-07:00,0,57
style.css,339,css,1e6cabd3,Sweekrit-B,2026-04-08,18:56:49,-07:00,2026-04-08T18:56:49-07:00,0,17
style.css,340,css,1e6cabd3,Sweekrit-B,2026-04-08,18:56:49,-07:00,2026-04-08T18:56:49-07:00,0,0
style.css,341,css,1e6cabd3,Sweekrit-B,2026-04-08,18:56:49,-07:00,2026-04-08T18:56:49-07:00,0,0
style.css,342,css,1e6cabd3,Sweekrit-B,2026-04-08,18:56:49,-07:00,2026-04-08T18:56:49-07:00,0,16
style.css,343,css,1e6cabd3,Sweekrit-B,2026-04-08,18:56:49,-07:00,2026-04-08T18:56:49-07:00,0,12
style.css,344,css,4e123f39,Sweekrit-B,2026-04-24,14:46:51,-07:00,2026-04-24T14:46:51-07:00,0,0
style.css,345,css,4e123f39,Sweekrit-B,2026-04-24,14:46:51,-07:00,2026-04-24T14:46:51-07:00,0,0
style.css,346,css,4e123f39,Sweekrit-B,2026-04-24,14:46:51,-07:00,2026-04-24T14:46:51-07:00,0,17
style.css,347,css,4e123f39,Sweekrit-B,2026-04-24,14:46:51,-07:00,2026-04-24T14:46:51-07:00,0,12
style.css,348,css,4e123f39,Sweekrit-B,2026-04-24,14:46:51,-07:00,2026-04-24T14:46:51-07:00,0,10
style.css,349,css,4e123f39,Sweekrit-B,2026-04-24,14:46:51,-07:00,2026-04-24T14:46:51-07:00,0,0
style.css,350,css,4e123f39,Sweekrit-B,2026-04-24,14:46:51,-07:00,2026-04-24T14:46:51-07:00,0,0
style.css,351,css,4e123f39,Sweekrit-B,2026-04-24,14:46:51,-07:00,2026-04-24T14:46:51-07:00,0,19
style.css,352,css,4e123f39,Sweekrit-B,2026-04-24,14:46:51,-07:00,2026-04-24T14:46:51-07:00,0,8
style.css,353,css,4e123f39,Sweekrit-B,2026-04-24,14:46:51,-07:00,2026-04-24T14:46:51-07:00,0,0
style.css,354,css,4e123f39,Sweekrit-B,2026-04-24,14:46:51,-07:00,2026-04-24T14:46:51-07:00,0,0
style.css,355,css,4e123f39,Sweekrit-B,2026-04-24,14:46:51,-07:00,2026-04-24T14:46:51-07:00,0,19
style.css,356,css,4e123f39,Sweekrit-B,2026-04-24,14:46:51,-07:00,2026-04-24T14:46:51-07:00,0,12
style.css,357,css,4e123f39,Sweekrit-B,2026-04-24,14:46:51,-07:00,2026-04-24T14:46:51-07:00,0,59
style.css,358,css,4e123f39,Sweekrit-B,2026-04-24,14:46:51,-07:00,2026-04-24T14:46:51-07:00,0,11
style.css,359,css,4e123f39,Sweekrit-B,2026-04-24,14:46:51,-07:00,2026-04-24T14:46:51-07:00,0,0
style.css,360,css,4e123f39,Sweekrit-B,2026-04-24,14:46:51,-07:00,2026-04-24T14:46:51-07:00,0,0
style.css,361,css,4e123f39,Sweekrit-B,2026-04-24,14:46:51,-07:00,2026-04-24T14:46:51-07:00,0,19
style.css,362,css,4e123f39,Sweekrit-B,2026-04-24,14:46:51,-07:00,2026-04-24T14:46:51-07:00,0,60
style.css,363,css,4e123f39,Sweekrit-B,2026-04-24,14:46:51,-07:00,2026-04-24T14:46:51-07:00,0,21
style.css,364,css,4e123f39,Sweekrit-B,2026-04-24,14:46:51,-07:00,2026-04-24T14:46:51-07:00,0,15
style.css,365,css,4e123f39,Sweekrit-B,2026-04-24,14:46:51,-07:00,2026-04-24T14:46:51-07:00,0,64
style.css,366,css,4e123f39,Sweekrit-B,2026-04-24,14:46:51,-07:00,2026-04-24T14:46:51-07:00,0,0
style.css,367,css,4e123f39,Sweekrit-B,2026-04-24,14:46:51,-07:00,2026-04-24T14:46:51-07:00,0,0
style.css,368,css,4e123f39,Sweekrit-B,2026-04-24,14:46:51,-07:00,2026-04-24T14:46:51-07:00,0,22
style.css,369,css,4e123f39,Sweekrit-B,2026-04-24,14:46:51,-07:00,2026-04-24T14:46:51-07:00,0,17
style.css,370,css,4e123f39,Sweekrit-B,2026-04-24,14:46:51,-07:00,2026-04-24T14:46:51-07:00,0,14
style.css,371,css,46f5dfb9,Sweekrit-B,2026-05-01,21:31:19,-07:00,2026-05-01T21:31:19-07:00,0,0
style.css,372,css,46f5dfb9,Sweekrit-B,2026-05-01,21:31:19,-07:00,2026-05-01T21:31:19-07:00,0,0
style.css,373,css,46f5dfb9,Sweekrit-B,2026-05-01,21:31:19,-07:00,2026-05-01T21:31:19-07:00,0,14
style.css,374,css,46f5dfb9,Sweekrit-B,2026-05-01,21:31:19,-07:00,2026-05-01T21:31:19-07:00,1,25
style.css,375,css,46f5dfb9,Sweekrit-B,2026-05-01,21:31:19,-07:00,2026-05-01T21:31:19-07:00,1,16
style.css,376,css,46f5dfb9,Sweekrit-B,2026-05-01,21:31:19,-07:00,2026-05-01T21:31:19-07:00,1,16
style.css,377,css,46f5dfb9,Sweekrit-B,2026-05-01,21:31:19,-07:00,2026-05-01T21:31:19-07:00,0,0
style.css,378,css,46f5dfb9,Sweekrit-B,2026-05-01,21:31:19,-07:00,2026-05-01T21:31:19-07:00,0,0
style.css,379,css,46f5dfb9,Sweekrit-B,2026-05-01,21:31:19,-07:00,2026-05-01T21:31:19-07:00,0,30
style.css,380,css,46f5dfb9,Sweekrit-B,2026-05-01,21:31:19,-07:00,2026-05-01T21:31:19-07:00,1,16
style.css,381,css,46f5dfb9,Sweekrit-B,2026-05-01,21:31:19,-07:00,2026-05-01T21:31:19-07:00,2,11
style.css,382,css,46f5dfb9,Sweekrit-B,2026-05-01,21:31:19,-07:00,2026-05-01T21:31:19-07:00,0,16
style.css,383,css,46f5dfb9,Sweekrit-B,2026-05-01,21:31:19,-07:00,2026-05-01T21:31:19-07:00,1,0
style.css,384,css,46f5dfb9,Sweekrit-B,2026-05-01,21:31:19,-07:00,2026-05-01T21:31:19-07:00,0,0
style.css,385,css,46f5dfb9,Sweekrit-B,2026-05-01,21:31:19,-07:00,2026-05-01T21:31:19-07:00,0,0
style.css,386,css,46f5dfb9,Sweekrit-B,2026-05-01,21:31:19,-07:00,2026-05-01T21:31:19-07:00,0,7
style.css,387,css,46f5dfb9,Sweekrit-B,2026-05-01,21:31:19,-07:00,2026-05-01T21:31:19-07:00,1,20
style.css,388,css,46f5dfb9,Sweekrit-B,2026-05-01,21:31:19,-07:00,2026-05-01T21:31:19-07:00,1,9
style.css,389,css,46f5dfb9,Sweekrit-B,2026-05-01,21:31:19,-07:00,2026-05-01T21:31:19-07:00,1,18
style.css,390,css,46f5dfb9,Sweekrit-B,2026-05-01,21:31:19,-07:00,2026-05-01T21:31:19-07:00,1,29
style.css,391,css,46f5dfb9,Sweekrit-B,2026-05-01,21:31:19,-07:00,2026-05-01T21:31:19-07:00,1,20
style.css,392,css,46f5dfb9,Sweekrit-B,2026-05-01,21:31:19,-07:00,2026-05-01T21:31:19-07:00,0,0
style.css,393,css,46f5dfb9,Sweekrit-B,2026-05-01,21:31:19,-07:00,2026-05-01T21:31:19-07:00,0,0
style.css,394,css,46f5dfb9,Sweekrit-B,2026-05-01,21:31:19,-07:00,2026-05-01T21:31:19-07:00,0,7
style.css,395,css,46f5dfb9,Sweekrit-B,2026-05-01,21:31:19,-07:00,2026-05-01T21:31:19-07:00,0,12
style.css,396,css,46f5dfb9,Sweekrit-B,2026-05-01,21:31:19,-07:00,2026-05-01T21:31:19-07:00,0,57
style.css,397,css,46f5dfb9,Sweekrit-B,2026-05-01,21:31:19,-07:00,2026-05-01T21:31:19-07:00,0,8
style.css,398,css,46f5dfb9,Sweekrit-B,2026-05-01,21:31:19,-07:00,2026-05-01T21:31:19-07:00,0,60
style.css,399,css,46f5dfb9,Sweekrit-B,2026-05-01,21:31:19,-07:00,2026-05-01T21:31:19-07:00,0,21
style.css,400,css,46f5dfb9,Sweekrit-B,2026-05-01,21:31:19,-07:00,2026-05-01T21:31:19-07:00,0,12
style.css,401,css,46f5dfb9,Sweekrit-B,2026-05-01,21:31:19,-07:00,2026-05-01T21:31:19-07:00,0,8
style.css,402,css,46f5dfb9,Sweekrit-B,2026-05-01,21:31:19,-07:00,2026-05-01T21:31:19-07:00,0,57
style.css,403,css,46f5dfb9,Sweekrit-B,2026-05-01,21:31:19,-07:00,2026-05-01T21:31:19-07:00,0,15
style.css,404,css,46f5dfb9,Sweekrit-B,2026-05-01,21:31:19,-07:00,2026-05-01T21:31:19-07:00,0,6
style.css,405,css,46f5dfb9,Sweekrit-B,2026-05-01,21:31:19,-07:00,2026-05-01T21:31:19-07:00,0,14
style.css,406,css,46f5dfb9,Sweekrit-B,2026-05-01,21:31:19,-07:00,2026-05-01T21:31:19-07:00,0,0
style.css,407,css,46f5dfb9,Sweekrit-B,2026-05-01,21:31:19,-07:00,2026-05-01T21:31:19-07:00,0,0
style.css,408,css,46f5dfb9,Sweekrit-B,2026-05-01,21:31:19,-07:00,2026-05-01T21:31:19-07:00,0,10
style.css,409,css,46f5dfb9,Sweekrit-B,2026-05-01,21:31:19,-07:00,2026-05-01T21:31:19-07:00,0,12
style.css,410,css,46f5dfb9,Sweekrit-B,2026-05-01,21:31:19,-07:00,2026-05-01T21:31:19-07:00,0,18
style.css,411,css,46f5dfb9,Sweekrit-B,2026-05-01,21:31:19,-07:00,2026-05-01T21:31:19-07:00,0,10
style.css,412,css,46f5dfb9,Sweekrit-B,2026-05-01,21:31:19,-07:00,2026-05-01T21:31:19-07:00,0,0
style.css,413,css,46f5dfb9,Sweekrit-B,2026-05-01,21:31:19,-07:00,2026-05-01T21:31:19-07:00,0,0
style.css,414,css,46f5dfb9,Sweekrit-B,2026-05-01,21:31:19,-07:00,2026-05-01T21:31:19-07:00,0,15
style.css,415,css,46f5dfb9,Sweekrit-B,2026-05-01,21:31:19,-07:00,2026-05-01T21:31:19-07:00,0,12
style.css,416,css,46f5dfb9,Sweekrit-B,2026-05-01,21:31:19,-07:00,2026-05-01T21:31:19-07:00,0,18
style.css,417,css,46f5dfb9,Sweekrit-B,2026-05-01,21:31:19,-07:00,2026-05-01T21:31:19-07:00,0,22
style.css,418,css,46f5dfb9,Sweekrit-B,2026-05-01,21:31:19,-07:00,2026-05-01T21:31:19-07:00,0,8
style.css,419,css,46f5dfb9,Sweekrit-B,2026-05-01,21:31:19,-07:00,2026-05-01T21:31:19-07:00,0,14
style.css,420,css,46f5dfb9,Sweekrit-B,2026-05-01,21:31:19,-07:00,2026-05-01T21:31:19-07:00,0,9
style.css,421,css,46f5dfb9,Sweekrit-B,2026-05-01,21:31:19,-07:00,2026-05-01T21:31:19-07:00,0,13
style.css,422,css,46f5dfb9,Sweekrit-B,2026-05-01,21:31:19,-07:00,2026-05-01T21:31:19-07:00,0,0
style.css,423,css,46f5dfb9,Sweekrit-B,2026-05-01,21:31:19,-07:00,2026-05-01T21:31:19-07:00,0,0
style.css,424,css,46f5dfb9,Sweekrit-B,2026-05-01,21:31:19,-07:00,2026-05-01T21:31:19-07:00,0,10
style.css,425,css,46f5dfb9,Sweekrit-B,2026-05-01,21:31:19,-07:00,2026-05-01T21:31:19-07:00,0,10
style.css,426,css,46f5dfb9,Sweekrit-B,2026-05-01,21:31:19,-07:00,2026-05-01T21:31:19-07:00,0,20
style.css,427,css,46f5dfb9,Sweekrit-B,2026-05-01,21:31:19,-07:00,2026-05-01T21:31:19-07:00,0,60
style.css,428,css,46f5dfb9,Sweekrit-B,2026-05-01,21:31:19,-07:00,2026-05-01T21:31:19-07:00,0,21
style.css,429,css,46f5dfb9,Sweekrit-B,2026-05-01,21:31:19,-07:00,2026-05-01T21:31:19-07:00,0,57
style.css,430,css,46f5dfb9,Sweekrit-B,2026-05-01,21:31:19,-07:00,2026-05-01T21:31:19-07:00,0,13
style.css,431,css,46f5dfb9,Sweekrit-B,2026-05-01,21:31:19,-07:00,2026-05-01T21:31:19-07:00,0,14
style.css,432,css,46f5dfb9,Sweekrit-B,2026-05-01,21:31:19,-07:00,2026-05-01T21:31:19-07:00,0,57
style.css,433,css,46f5dfb9,Sweekrit-B,2026-05-01,21:31:19,-07:00,2026-05-01T21:31:19-07:00,0,13
style.css,434,css,46f5dfb9,Sweekrit-B,2026-05-01,21:31:19,-07:00,2026-05-01T21:31:19-07:00,0,0
style.css,435,css,46f5dfb9,Sweekrit-B,2026-05-01,21:31:19,-07:00,2026-05-01T21:31:19-07:00,0,0
style.css,436,css,46f5dfb9,Sweekrit-B,2026-05-01,21:31:19,-07:00,2026-05-01T21:31:19-07:00,0,16
style.css,437,css,46f5dfb9,Sweekrit-B,2026-05-01,21:31:19,-07:00,2026-05-01T21:31:19-07:00,0,12
style.css,438,css,46f5dfb9,Sweekrit-B,2026-05-01,21:31:19,-07:00,2026-05-01T21:31:19-07:00,0,32
style.css,439,css,46f5dfb9,Sweekrit-B,2026-05-01,21:31:19,-07:00,2026-05-01T21:31:19-07:00,0,78
style.css,440,css,46f5dfb9,Sweekrit-B,2026-05-01,21:31:19,-07:00,2026-05-01T21:31:19-07:00,0,0
style.css,441,css,46f5dfb9,Sweekrit-B,2026-05-01,21:31:19,-07:00,2026-05-01T21:31:19-07:00,0,0
style.css,442,css,46f5dfb9,Sweekrit-B,2026-05-01,21:31:19,-07:00,2026-05-01T21:31:19-07:00,0,29
style.css,443,css,46f5dfb9,Sweekrit-B,2026-05-01,21:31:19,-07:00,2026-05-01T21:31:19-07:00,0,16
style.css,444,css,46f5dfb9,Sweekrit-B,2026-05-01,21:31:19,-07:00,2026-05-01T21:31:19-07:00,0,12
style.css,445,css,46f5dfb9,Sweekrit-B,2026-05-01,21:31:19,-07:00,2026-05-01T21:31:19-07:00,0,8
style.css,446,css,46f5dfb9,Sweekrit-B,2026-05-01,21:31:19,-07:00,2026-05-01T21:31:19-07:00,0,18
style.css,447,css,46f5dfb9,Sweekrit-B,2026-05-01,21:31:19,-07:00,2026-05-01T21:31:19-07:00,0,13
style.css,448,css,46f5dfb9,Sweekrit-B,2026-05-01,21:31:19,-07:00,2026-05-01T21:31:19-07:00,0,0
style.css,449,css,46f5dfb9,Sweekrit-B,2026-05-01,21:31:19,-07:00,2026-05-01T21:31:19-07:00,0,0
style.css,450,css,46f5dfb9,Sweekrit-B,2026-05-01,21:31:19,-07:00,2026-05-01T21:31:19-07:00,0,27
style.css,451,css,46f5dfb9,Sweekrit-B,2026-05-01,21:31:19,-07:00,2026-05-01T21:31:19-07:00,0,6
style.css,452,css,46f5dfb9,Sweekrit-B,2026-05-01,21:31:19,-07:00,2026-05-01T21:31:19-07:00,0,8
style.css,453,css,46f5dfb9,Sweekrit-B,2026-05-01,21:31:19,-07:00,2026-05-01T21:31:19-07:00,0,0
style.css,454,css,46f5dfb9,Sweekrit-B,2026-05-01,21:31:19,-07:00,2026-05-01T21:31:19-07:00,0,0
style.css,455,css,46f5dfb9,Sweekrit-B,2026-05-01,21:31:19,-07:00,2026-05-01T21:31:19-07:00,0,29
style.css,456,css,46f5dfb9,Sweekrit-B,2026-05-01,21:31:19,-07:00,2026-05-01T21:31:19-07:00,0,8
style.css,457,css,46f5dfb9,Sweekrit-B,2026-05-01,21:31:19,-07:00,2026-05-01T21:31:19-07:00,0,13
style.css,458,css,46f5dfb9,Sweekrit-B,2026-05-01,21:31:19,-07:00,2026-05-01T21:31:19-07:00,0,0
style.css,459,css,46f5dfb9,Sweekrit-B,2026-05-01,21:31:19,-07:00,2026-05-01T21:31:19-07:00,0,0
style.css,460,css,46f5dfb9,Sweekrit-B,2026-05-01,21:31:19,-07:00,2026-05-01T21:31:19-07:00,0,19
style.css,461,css,46f5dfb9,Sweekrit-B,2026-05-01,21:31:19,-07:00,2026-05-01T21:31:19-07:00,0,70
style.css,462,css,46f5dfb9,Sweekrit-B,2026-05-01,21:31:19,-07:00,2026-05-01T21:31:19-07:00,0,22
style.css,463,css,46f5dfb9,Sweekrit-B,2026-05-01,21:31:19,-07:00,2026-05-01T21:31:19-07:00,0,23
style.css,464,css,46f5dfb9,Sweekrit-B,2026-05-01,21:31:19,-07:00,2026-05-01T21:31:19-07:00,0,14
style.css,465,css,46f5dfb9,Sweekrit-B,2026-05-01,21:31:19,-07:00,2026-05-01T21:31:19-07:00,0,0
style.css,466,css,46f5dfb9,Sweekrit-B,2026-05-01,21:31:19,-07:00,2026-05-01T21:31:19-07:00,0,0
style.css,467,css,46f5dfb9,Sweekrit-B,2026-05-01,21:31:19,-07:00,2026-05-01T21:31:19-07:00,0,56
style.css,468,css,46f5dfb9,Sweekrit-B,2026-05-01,21:31:19,-07:00,2026-05-01T21:31:19-07:00,0,53
style.css,469,css,46f5dfb9,Sweekrit-B,2026-05-01,21:31:19,-07:00,2026-05-01T21:31:19-07:00,0,12
style.css,470,css,46f5dfb9,Sweekrit-B,2026-05-01,21:31:19,-07:00,2026-05-01T21:31:19-07:00,0,0
style.css,471,css,46f5dfb9,Sweekrit-B,2026-05-01,21:31:19,-07:00,2026-05-01T21:31:19-07:00,0,0
style.css,472,css,46f5dfb9,Sweekrit-B,2026-05-01,21:31:19,-07:00,2026-05-01T21:31:19-07:00,0,27
style.css,473,css,46f5dfb9,Sweekrit-B,2026-05-01,21:31:19,-07:00,2026-05-01T21:31:19-07:00,0,28
style.css,474,css,46f5dfb9,Sweekrit-B,2026-05-01,21:31:19,-07:00,2026-05-01T21:31:19-07:00,0,59
style.css,475,css,46f5dfb9,Sweekrit-B,2026-05-01,21:31:19,-07:00,2026-05-01T21:31:19-07:00,0,28
style.css,476,css,46f5dfb9,Sweekrit-B,2026-05-01,21:31:19,-07:00,2026-05-01T21:31:19-07:00,0,21
style.css,477,css,46f5dfb9,Sweekrit-B,2026-05-01,21:31:19,-07:00,2026-05-01T21:31:19-07:00,0,47
style.css,478,css,46f5dfb9,Sweekrit-B,2026-05-01,21:31:19,-07:00,2026-05-01T21:31:19-07:00,0,50
style.css,479,css,46f5dfb9,Sweekrit-B,2026-05-01,21:31:19,-07:00,2026-05-01T21:31:19-07:00,0,16
style.css,480,css,46f5dfb9,Sweekrit-B,2026-05-01,21:31:19,-07:00,2026-05-01T21:31:19-07:00,0,0
style.css,481,css,46f5dfb9,Sweekrit-B,2026-05-01,21:31:19,-07:00,2026-05-01T21:31:19-07:00,0,0
style.css,482,css,46f5dfb9,Sweekrit-B,2026-05-01,21:31:19,-07:00,2026-05-01T21:31:19-07:00,0,16
style.css,483,css,46f5dfb9,Sweekrit-B,2026-05-01,21:31:19,-07:00,2026-05-01T21:31:19-07:00,0,25
style.css,484,css,46f5dfb9,Sweekrit-B,2026-05-01,21:31:19,-07:00,2026-05-01T21:31:19-07:00,0,21
style.css,485,css,46f5dfb9,Sweekrit-B,2026-05-01,21:31:19,-07:00,2026-05-01T21:31:19-07:00,0,0
style.css,486,css,46f5dfb9,Sweekrit-B,2026-05-01,21:31:19,-07:00,2026-05-01T21:31:19-07:00,0,0
style.css,487,css,46f5dfb9,Sweekrit-B,2026-05-01,21:31:19,-07:00,2026-05-01T21:31:19-07:00,0,24
style.css,488,css,46f5dfb9,Sweekrit-B,2026-05-01,21:31:19,-07:00,2026-05-01T21:31:19-07:00,0,12
style.css,489,css,46f5dfb9,Sweekrit-B,2026-05-01,21:31:19,-07:00,2026-05-01T21:31:19-07:00,0,22
style.css,490,css,46f5dfb9,Sweekrit-B,2026-05-01,21:31:19,-07:00,2026-05-01T21:31:19-07:00,0,11
style.css,491,css,46f5dfb9,Sweekrit-B,2026-05-01,21:31:19,-07:00,2026-05-01T21:31:19-07:00,0,21
style.css,492,css,46f5dfb9,Sweekrit-B,2026-05-01,21:31:19,-07:00,2026-05-01T21:31:19-07:00,0,69
style.css,493,css,46f5dfb9,Sweekrit-B,2026-05-01,21:31:19,-07:00,2026-05-01T21:31:19-07:00,0,13
style.css,494,css,46f5dfb9,Sweekrit-B,2026-05-01,21:31:19,-07:00,2026-05-01T21:31:19-07:00,0,14
style.css,495,css,46f5dfb9,Sweekrit-B,2026-05-01,21:31:19,-07:00,2026-05-01T21:31:19-07:00,0,15
style.css,496,css,46f5dfb9,Sweekrit-B,2026-05-01,21:31:19,-07:00,2026-05-01T21:31:19-07:00,0,14
style.css,497,css,46f5dfb9,Sweekrit-B,2026-05-01,21:31:19,-07:00,2026-05-01T21:31:19-07:00,0,83
style.css,498,css,46f5dfb9,Sweekrit-B,2026-05-01,21:31:19,-07:00,2026-05-01T21:31:19-07:00,0,15
style.css,499,css,46f5dfb9,Sweekrit-B,2026-05-01,21:31:19,-07:00,2026-05-01T21:31:19-07:00,0,0
style.css,500,css,46f5dfb9,Sweekrit-B,2026-05-01,21:31:19,-07:00,2026-05-01T21:31:19-07:00,0,0
style.css,501,css,46f5dfb9,Sweekrit-B,2026-05-01,21:31:19,-07:00,2026-05-01T21:31:19-07:00,0,18
style.css,502,css,46f5dfb9,Sweekrit-B,2026-05-01,21:31:19,-07:00,2026-05-01T21:31:19-07:00,0,69
style.css,503,css,46f5dfb9,Sweekrit-B,2026-05-01,21:31:19,-07:00,2026-05-01T21:31:19-07:00,0,26
style.css,504,css,46f5dfb9,Sweekrit-B,2026-05-01,21:31:19,-07:00,2026-05-01T21:31:19-07:00,0,79
style.css,505,css,46f5dfb9,Sweekrit-B,2026-05-01,21:31:19,-07:00,2026-05-01T21:31:19-07:00,0,0
style.css,506,css,46f5dfb9,Sweekrit-B,2026-05-01,21:31:19,-07:00,2026-05-01T21:31:19-07:00,0,0
style.css,507,css,46f5dfb9,Sweekrit-B,2026-05-01,21:31:19,-07:00,2026-05-01T21:31:19-07:00,0,19
style.css,508,css,46f5dfb9,Sweekrit-B,2026-05-01,21:31:19,-07:00,2026-05-01T21:31:19-07:00,0,23
style.css,509,css,1ce71b76,Sweekrit-B,2026-04-02,19:24:58,-07:00,2026-04-02T19:24:58-07:00,0,0
index.js,1,js,04a020ad,Sweekrit-B,2026-04-24,13:50:40,-07:00,2026-04-24T13:50:40-07:00,0,71
index.js,2,js,04a020ad,Sweekrit-B,2026-04-24,13:50:40,-07:00,2026-04-24T13:50:40-07:00,0,0
index.js,3,js,04a020ad,Sweekrit-B,2026-04-24,13:50:40,-07:00,2026-04-24T13:50:40-07:00,0,53
index.js,4,js,04a020ad,Sweekrit-B,2026-04-24,13:50:40,-07:00,2026-04-24T13:50:40-07:00,0,42
index.js,5,js,04a020ad,Sweekrit-B,2026-04-24,13:50:40,-07:00,2026-04-24T13:50:40-07:00,0,60
index.js,6,js,04a020ad,Sweekrit-B,2026-04-24,13:50:40,-07:00,2026-04-24T13:50:40-07:00,0,54
index.js,7,js,04a020ad,Sweekrit-B,2026-04-24,13:50:40,-07:00,2026-04-24T13:50:40-07:00,0,53
index.js,8,js,04a020ad,Sweekrit-B,2026-04-24,13:50:40,-07:00,2026-04-24T13:50:40-07:00,0,60
index.js,9,js,04a020ad,Sweekrit-B,2026-04-24,13:50:40,-07:00,2026-04-24T13:50:40-07:00,0,17
index.js,10,js,04a020ad,Sweekrit-B,2026-04-24,13:50:40,-07:00,2026-04-24T13:50:40-07:00,1,24
index.js,11,js,04a020ad,Sweekrit-B,2026-04-24,13:50:40,-07:00,2026-04-24T13:50:40-07:00,4,28
index.js,12,js,04a020ad,Sweekrit-B,2026-04-24,13:50:40,-07:00,2026-04-24T13:50:40-07:00,5,22
index.js,13,js,04a020ad,Sweekrit-B,2026-04-24,13:50:40,-07:00,2026-04-24T13:50:40-07:00,5,2
index.js,14,js,04a020ad,Sweekrit-B,2026-04-24,13:50:40,-07:00,2026-04-24T13:50:40-07:00,6,3
index.js,15,js,04a020ad,Sweekrit-B,2026-04-24,13:50:40,-07:00,2026-04-24T13:50:40-07:00,7,16
index.js,16,js,04a020ad,Sweekrit-B,2026-04-24,13:50:40,-07:00,2026-04-24T13:50:40-07:00,7,30
index.js,17,js,04a020ad,Sweekrit-B,2026-04-24,13:50:40,-07:00,2026-04-24T13:50:40-07:00,6,4
index.js,18,js,04a020ad,Sweekrit-B,2026-04-24,13:50:40,-07:00,2026-04-24T13:50:40-07:00,6,3
index.js,19,js,04a020ad,Sweekrit-B,2026-04-24,13:50:40,-07:00,2026-04-24T13:50:40-07:00,7,16
index.js,20,js,04a020ad,Sweekrit-B,2026-04-24,13:50:40,-07:00,2026-04-24T13:50:40-07:00,7,30
index.js,21,js,04a020ad,Sweekrit-B,2026-04-24,13:50:40,-07:00,2026-04-24T13:50:40-07:00,6,4
index.js,22,js,04a020ad,Sweekrit-B,2026-04-24,13:50:40,-07:00,2026-04-24T13:50:40-07:00,6,3
index.js,23,js,04a020ad,Sweekrit-B,2026-04-24,13:50:40,-07:00,2026-04-24T13:50:40-07:00,7,19
index.js,24,js,04a020ad,Sweekrit-B,2026-04-24,13:50:40,-07:00,2026-04-24T13:50:40-07:00,7,33
index.js,25,js,04a020ad,Sweekrit-B,2026-04-24,13:50:40,-07:00,2026-04-24T13:50:40-07:00,6,4
index.js,26,js,04a020ad,Sweekrit-B,2026-04-24,13:50:40,-07:00,2026-04-24T13:50:40-07:00,6,3
index.js,27,js,04a020ad,Sweekrit-B,2026-04-24,13:50:40,-07:00,2026-04-24T13:50:40-07:00,7,19
index.js,28,js,04a020ad,Sweekrit-B,2026-04-24,13:50:40,-07:00,2026-04-24T13:50:40-07:00,7,33
index.js,29,js,04a020ad,Sweekrit-B,2026-04-24,13:50:40,-07:00,2026-04-24T13:50:40-07:00,6,4
index.js,30,js,04a020ad,Sweekrit-B,2026-04-24,13:50:40,-07:00,2026-04-24T13:50:40-07:00,5,3
index.js,31,js,04a020ad,Sweekrit-B,2026-04-24,13:50:40,-07:00,2026-04-24T13:50:40-07:00,4,8
index.js,32,js,04a020ad,Sweekrit-B,2026-04-24,13:50:40,-07:00,2026-04-24T13:50:40-07:00,2,0
index.js,33,js,04a020ad,Sweekrit-B,2026-04-24,13:50:40,-07:00,2026-04-24T13:50:40-07:00,0,0
index.html,1,html,ccbaa5e,Sweekrit-B,2026-04-02,18:58:02,-07:00,2026-04-02T18:58:02-07:00,0,13
index.html,2,html,ccbaa5e,Sweekrit-B,2026-04-02,18:58:02,-07:00,2026-04-02T18:58:02-07:00,0,14
index.html,3,html,ccbaa5e,Sweekrit-B,2026-04-02,18:58:02,-07:00,2026-04-02T18:58:02-07:00,0,4
index.html,4,html,ccbaa5e,Sweekrit-B,2026-04-02,18:58:02,-07:00,2026-04-02T18:58:02-07:00,2,20
index.html,5,html,ccbaa5e,Sweekrit-B,2026-04-02,18:58:02,-07:00,2026-04-02T18:58:02-07:00,2,68
index.html,6,html,1ce71b76,Sweekrit-B,2026-04-02,19:24:58,-07:00,2026-04-02T19:24:58-07:00,2,38
index.html,7,html,ccbaa5e,Sweekrit-B,2026-04-02,18:58:02,-07:00,2026-04-02T18:58:02-07:00,2,60
index.html,8,html,ccbaa5e,Sweekrit-B,2026-04-02,18:58:02,-07:00,2026-04-02T18:58:02-07:00,0,5
index.html,9,html,ccbaa5e,Sweekrit-B,2026-04-02,18:58:02,-07:00,2026-04-02T18:58:02-07:00,0,4
index.html,10,html,1e6cabd3,Sweekrit-B,2026-04-08,18:56:49,-07:00,2026-04-08T18:56:49-07:00,2,19
index.html,11,html,1e6cabd3,Sweekrit-B,2026-04-08,18:56:49,-07:00,2026-04-08T18:56:49-07:00,4,25
index.html,12,html,1e6cabd3,Sweekrit-B,2026-04-08,18:56:49,-07:00,2026-04-08T18:56:49-07:00,4,333
index.html,13,html,1e6cabd3,Sweekrit-B,2026-04-08,18:56:49,-07:00,2026-04-08T18:56:49-07:00,4,98
index.html,14,html,587edc50,Sweekrit-B,2026-04-24,14:50:29,-07:00,2026-04-24T14:50:29-07:00,4,28
index.html,15,html,587edc50,Sweekrit-B,2026-04-24,14:50:29,-07:00,2026-04-24T14:50:29-07:00,4,15
index.html,16,html,587edc50,Sweekrit-B,2026-04-24,14:50:29,-07:00,2026-04-24T14:50:29-07:00,4,26
index.html,17,html,1e6cabd3,Sweekrit-B,2026-04-08,18:56:49,-07:00,2026-04-08T18:56:49-07:00,2,4
index.html,18,html,ccbaa5e,Sweekrit-B,2026-04-02,18:58:02,-07:00,2026-04-02T18:58:02-07:00,0,5
index.html,19,html,f5a59954,Sweekrit-B,2026-04-16,17:38:03,-07:00,2026-04-16T17:38:03-07:00,0,45
index.html,20,html,04a020ad,Sweekrit-B,2026-04-24,13:50:40,-07:00,2026-04-24T13:50:40-07:00,0,44
index.html,21,html,ccbaa5e,Sweekrit-B,2026-04-02,18:58:02,-07:00,2026-04-02T18:58:02-07:00,0,5
global.js,1,js,f5a59954,Sweekrit-B,2026-04-16,17:38:03,-07:00,2026-04-16T17:38:03-07:00,0,25
global.js,2,js,f5a59954,Sweekrit-B,2026-04-16,17:38:03,-07:00,2026-04-16T17:38:03-07:00,0,0
global.js,3,js,f5a59954,Sweekrit-B,2026-04-16,17:38:03,-07:00,2026-04-16T17:38:03-07:00,0,41
global.js,4,js,f5a59954,Sweekrit-B,2026-04-16,17:38:03,-07:00,2026-04-16T17:38:03-07:00,1,52
global.js,5,js,f5a59954,Sweekrit-B,2026-04-16,17:38:03,-07:00,2026-04-16T17:38:03-07:00,0,0
global.js,6,js,f5a59954,Sweekrit-B,2026-04-16,17:38:03,-07:00,2026-04-16T17:38:03-07:00,0,0
global.js,7,js,f5a59954,Sweekrit-B,2026-04-16,17:38:03,-07:00,2026-04-16T17:38:03-07:00,0,25
global.js,8,js,f5a59954,Sweekrit-B,2026-04-16,17:38:03,-07:00,2026-04-16T17:38:03-07:00,0,30
global.js,9,js,f5a59954,Sweekrit-B,2026-04-16,17:38:03,-07:00,2026-04-16T17:38:03-07:00,2,66
global.js,10,js,f5a59954,Sweekrit-B,2026-04-16,17:38:03,-07:00,2026-04-16T17:38:03-07:00,0,0
global.js,11,js,f5a59954,Sweekrit-B,2026-04-16,17:38:03,-07:00,2026-04-16T17:38:03-07:00,0,36
global.js,12,js,f5a59954,Sweekrit-B,2026-04-16,17:38:03,-07:00,2026-04-16T17:38:03-07:00,0,0
global.js,13,js,f5a59954,Sweekrit-B,2026-04-16,17:38:03,-07:00,2026-04-16T17:38:03-07:00,0,88
global.js,14,js,f5a59954,Sweekrit-B,2026-04-16,17:38:03,-07:00,2026-04-16T17:38:03-07:00,1,65
global.js,15,js,39ee2c0c,Sweekrit-B,2026-04-16,20:14:52,-07:00,2026-04-16T20:14:52-07:00,1,55
global.js,16,js,f5a59954,Sweekrit-B,2026-04-16,17:38:03,-07:00,2026-04-16T17:38:03-07:00,0,0
global.js,17,js,f5a59954,Sweekrit-B,2026-04-16,17:38:03,-07:00,2026-04-16T17:38:03-07:00,0,11
global.js,18,js,f5a59954,Sweekrit-B,2026-04-16,17:38:03,-07:00,2026-04-16T17:38:03-07:00,2,25
global.js,19,js,f5a59954,Sweekrit-B,2026-04-16,17:38:03,-07:00,2026-04-16T17:38:03-07:00,2,38
global.js,20,js,f5a59954,Sweekrit-B,2026-04-16,17:38:03,-07:00,2026-04-16T17:38:03-07:00,2,36
global.js,21,js,f5a59954,Sweekrit-B,2026-04-16,17:38:03,-07:00,2026-04-16T17:38:03-07:00,2,34
global.js,22,js,f5a59954,Sweekrit-B,2026-04-16,17:38:03,-07:00,2026-04-16T17:38:03-07:00,2,55
global.js,23,js,f5a59954,Sweekrit-B,2026-04-16,17:38:03,-07:00,2026-04-16T17:38:03-07:00,0,0
global.js,24,js,f5a59954,Sweekrit-B,2026-04-16,17:38:03,-07:00,2026-04-16T17:38:03-07:00,0,0
global.js,25,js,f5a59954,Sweekrit-B,2026-04-16,17:38:03,-07:00,2026-04-16T17:38:03-07:00,0,38
global.js,26,js,f5a59954,Sweekrit-B,2026-04-16,17:38:03,-07:00,2026-04-16T17:38:03-07:00,0,25
global.js,27,js,b4078a92,Sweekrit-B,2026-04-16,20:10:38,-07:00,2026-04-16T20:10:38-07:00,0,0
global.js,28,js,b4078a92,Sweekrit-B,2026-04-16,20:10:38,-07:00,2026-04-16T20:10:38-07:00,0,78
global.js,29,js,b4078a92,Sweekrit-B,2026-04-16,20:10:38,-07:00,2026-04-16T20:10:38-07:00,0,80
global.js,30,js,b4078a92,Sweekrit-B,2026-04-16,20:10:38,-07:00,2026-04-16T20:10:38-07:00,0,26
global.js,31,js,b4078a92,Sweekrit-B,2026-04-16,20:10:38,-07:00,2026-04-16T20:10:38-07:00,0,48
global.js,32,js,b4078a92,Sweekrit-B,2026-04-16,20:10:38,-07:00,2026-04-16T20:10:38-07:00,0,55
global.js,33,js,b4078a92,Sweekrit-B,2026-04-16,20:10:38,-07:00,2026-04-16T20:10:38-07:00,0,0
global.js,34,js,f5a59954,Sweekrit-B,2026-04-16,17:38:03,-07:00,2026-04-16T17:38:03-07:00,0,31
global.js,35,js,f5a59954,Sweekrit-B,2026-04-16,17:38:03,-07:00,2026-04-16T17:38:03-07:00,1,11
global.js,36,js,f5a59954,Sweekrit-B,2026-04-16,17:38:03,-07:00,2026-04-16T17:38:03-07:00,1,0
global.js,37,js,4e123f39,Sweekrit-B,2026-04-24,14:46:51,-07:00,2026-04-24T14:46:51-07:00,2,50
global.js,38,js,4e123f39,Sweekrit-B,2026-04-24,14:46:51,-07:00,2026-04-24T14:46:51-07:00,3,40
global.js,39,js,4e123f39,Sweekrit-B,2026-04-24,14:46:51,-07:00,2026-04-24T14:46:51-07:00,3,34
global.js,40,js,4e123f39,Sweekrit-B,2026-04-24,14:46:51,-07:00,2026-04-24T14:46:51-07:00,3,32
global.js,41,js,4e123f39,Sweekrit-B,2026-04-24,14:46:51,-07:00,2026-04-24T14:46:51-07:00,2,7
global.js,42,js,f5a59954,Sweekrit-B,2026-04-16,17:38:03,-07:00,2026-04-16T17:38:03-07:00,1,0
global.js,43,js,f5a59954,Sweekrit-B,2026-04-16,17:38:03,-07:00,2026-04-16T17:38:03-07:00,0,0
global.js,44,js,f5a59954,Sweekrit-B,2026-04-16,17:38:03,-07:00,2026-04-16T17:38:03-07:00,0,0
global.js,45,js,f5a59954,Sweekrit-B,2026-04-16,17:38:03,-07:00,2026-04-16T17:38:03-07:00,0,60
global.js,46,js,b4078a92,Sweekrit-B,2026-04-16,20:10:38,-07:00,2026-04-16T20:10:38-07:00,0,32
global.js,47,js,b4078a92,Sweekrit-B,2026-04-16,20:10:38,-07:00,2026-04-16T20:10:38-07:00,1,61
global.js,48,js,b4078a92,Sweekrit-B,2026-04-16,20:10:38,-07:00,2026-04-16T20:10:38-07:00,1,55
global.js,49,js,b4078a92,Sweekrit-B,2026-04-16,20:10:38,-07:00,2026-04-16T20:10:38-07:00,1,67
global.js,50,js,b4078a92,Sweekrit-B,2026-04-16,20:10:38,-07:00,2026-04-16T20:10:38-07:00,0,0
global.js,51,js,b4078a92,Sweekrit-B,2026-04-16,20:10:38,-07:00,2026-04-16T20:10:38-07:00,0,0
global.js,52,js,f5a59954,Sweekrit-B,2026-04-16,17:38:03,-07:00,2026-04-16T17:38:03-07:00,0,48
global.js,53,js,f5a59954,Sweekrit-B,2026-04-16,17:38:03,-07:00,2026-04-16T17:38:03-07:00,1,57
global.js,54,js,f5a59954,Sweekrit-B,2026-04-16,17:38:03,-07:00,2026-04-16T17:38:03-07:00,1,44
global.js,55,js,b4078a92,Sweekrit-B,2026-04-16,20:10:38,-07:00,2026-04-16T20:10:38-07:00,1,35
global.js,56,js,f5a59954,Sweekrit-B,2026-04-16,17:38:03,-07:00,2026-04-16T17:38:03-07:00,0,1
global.js,57,js,f5a59954,Sweekrit-B,2026-04-16,17:38:03,-07:00,2026-04-16T17:38:03-07:00,0,0
global.js,58,js,f5a59954,Sweekrit-B,2026-04-16,17:38:03,-07:00,2026-04-16T17:38:03-07:00,0,73
global.js,59,js,f5a59954,Sweekrit-B,2026-04-16,17:38:03,-07:00,2026-04-16T17:38:03-07:00,0,48
global.js,60,js,f5a59954,Sweekrit-B,2026-04-16,17:38:03,-07:00,2026-04-16T17:38:03-07:00,0,21
global.js,61,js,f5a59954,Sweekrit-B,2026-04-16,17:38:03,-07:00,2026-04-16T17:38:03-07:00,1,30
global.js,62,js,b4078a92,Sweekrit-B,2026-04-16,20:10:38,-07:00,2026-04-16T20:10:38-07:00,1,33
global.js,63,js,b4078a92,Sweekrit-B,2026-04-16,20:10:38,-07:00,2026-04-16T20:10:38-07:00,0,6
global.js,64,js,b4078a92,Sweekrit-B,2026-04-16,20:10:38,-07:00,2026-04-16T20:10:38-07:00,1,35
global.js,65,js,b4078a92,Sweekrit-B,2026-04-16,20:10:38,-07:00,2026-04-16T20:10:38-07:00,1,20
global.js,66,js,b4078a92,Sweekrit-B,2026-04-16,20:10:38,-07:00,2026-04-16T20:10:38-07:00,1,23
global.js,67,js,f5a59954,Sweekrit-B,2026-04-16,17:38:03,-07:00,2026-04-16T17:38:03-07:00,0,0
global.js,68,js,f5a59954,Sweekrit-B,2026-04-16,17:38:03,-07:00,2026-04-16T17:38:03-07:00,0,0
global.js,69,js,f5a59954,Sweekrit-B,2026-04-16,17:38:03,-07:00,2026-04-16T17:38:03-07:00,0,20
global.js,70,js,f5a59954,Sweekrit-B,2026-04-16,17:38:03,-07:00,2026-04-16T17:38:03-07:00,2,14
global.js,71,js,f5a59954,Sweekrit-B,2026-04-16,17:38:03,-07:00,2026-04-16T17:38:03-07:00,2,52
global.js,72,js,f5a59954,Sweekrit-B,2026-04-16,17:38:03,-07:00,2026-04-16T17:38:03-07:00,2,18
global.js,73,js,f5a59954,Sweekrit-B,2026-04-16,17:38:03,-07:00,2026-04-16T17:38:03-07:00,2,34
global.js,74,js,f5a59954,Sweekrit-B,2026-04-16,17:38:03,-07:00,2026-04-16T17:38:03-07:00,2,11
global.js,75,js,f5a59954,Sweekrit-B,2026-04-16,17:38:03,-07:00,2026-04-16T17:38:03-07:00,2,20
global.js,76,js,f5a59954,Sweekrit-B,2026-04-16,17:38:03,-07:00,2026-04-16T17:38:03-07:00,2,12
global.js,77,js,f5a59954,Sweekrit-B,2026-04-16,17:38:03,-07:00,2026-04-16T17:38:03-07:00,2,65
global.js,78,js,f5a59954,Sweekrit-B,2026-04-16,17:38:03,-07:00,2026-04-16T17:38:03-07:00,4,25
global.js,79,js,f5a59954,Sweekrit-B,2026-04-16,17:38:03,-07:00,2026-04-16T17:38:03-07:00,2,0
global.js,80,js,f5a59954,Sweekrit-B,2026-04-16,17:38:03,-07:00,2026-04-16T17:38:03-07:00,2,29
global.js,81,js,f5a59954,Sweekrit-B,2026-04-16,17:38:03,-07:00,2026-04-16T17:38:03-07:00,4,18
global.js,82,js,f5a59954,Sweekrit-B,2026-04-16,17:38:03,-07:00,2026-04-16T17:38:03-07:00,2,0
global.js,83,js,f5a59954,Sweekrit-B,2026-04-16,17:38:03,-07:00,2026-04-16T17:38:03-07:00,0,0
global.js,84,js,f5a59954,Sweekrit-B,2026-04-16,17:38:03,-07:00,2026-04-16T17:38:03-07:00,0,0
global.js,85,js,f5a59954,Sweekrit-B,2026-04-16,17:38:03,-07:00,2026-04-16T17:38:03-07:00,0,49
global.js,86,js,f5a59954,Sweekrit-B,2026-04-16,17:38:03,-07:00,2026-04-16T17:38:03-07:00,0,64
global.js,87,js,f5a59954,Sweekrit-B,2026-04-16,17:38:03,-07:00,2026-04-16T17:38:03-07:00,2,21
global.js,88,js,f5a59954,Sweekrit-B,2026-04-16,17:38:03,-07:00,2026-04-16T17:38:03-07:00,2,45
global.js,89,js,f5a59954,Sweekrit-B,2026-04-16,17:38:03,-07:00,2026-04-16T17:38:03-07:00,4,43
global.js,90,js,f5a59954,Sweekrit-B,2026-04-16,17:38:03,-07:00,2026-04-16T17:38:03-07:00,4,210
global.js,91,js,f5a59954,Sweekrit-B,2026-04-16,17:38:03,-07:00,2026-04-16T17:38:03-07:00,2,0
global.js,92,js,04a020ad,Sweekrit-B,2026-04-24,13:50:40,-07:00,2026-04-24T13:50:40-07:00,0,1
global.js,93,js,04a020ad,Sweekrit-B,2026-04-24,13:50:40,-07:00,2026-04-24T13:50:40-07:00,0,0
global.js,94,js,04a020ad,Sweekrit-B,2026-04-24,13:50:40,-07:00,2026-04-24T13:50:40-07:00,0,36
global.js,95,js,04a020ad,Sweekrit-B,2026-04-24,13:50:40,-07:00,2026-04-24T13:50:40-07:00,1,3
global.js,96,js,04a020ad,Sweekrit-B,2026-04-24,13:50:40,-07:00,2026-04-24T13:50:40-07:00,2,39
global.js,97,js,04a020ad,Sweekrit-B,2026-04-24,13:50:40,-07:00,2026-04-24T13:50:40-07:00,2,32
global.js,98,js,04a020ad,Sweekrit-B,2026-04-24,13:50:40,-07:00,2026-04-24T13:50:40-07:00,2,17
global.js,99,js,04a020ad,Sweekrit-B,2026-04-24,13:50:40,-07:00,2026-04-24T13:50:40-07:00,3,66
global.js,100,js,04a020ad,Sweekrit-B,2026-04-24,13:50:40,-07:00,2026-04-24T13:50:40-07:00,2,0
global.js,101,js,04a020ad,Sweekrit-B,2026-04-24,13:50:40,-07:00,2026-04-24T13:50:40-07:00,2,33
global.js,102,js,04a020ad,Sweekrit-B,2026-04-24,13:50:40,-07:00,2026-04-24T13:50:40-07:00,2,10
global.js,103,js,04a020ad,Sweekrit-B,2026-04-24,13:50:40,-07:00,2026-04-24T13:50:40-07:00,1,15
global.js,104,js,04a020ad,Sweekrit-B,2026-04-24,13:50:40,-07:00,2026-04-24T13:50:40-07:00,2,59
global.js,105,js,04a020ad,Sweekrit-B,2026-04-24,13:50:40,-07:00,2026-04-24T13:50:40-07:00,1,0
global.js,106,js,04a020ad,Sweekrit-B,2026-04-24,13:50:40,-07:00,2026-04-24T13:50:40-07:00,0,0
global.js,107,js,04a020ad,Sweekrit-B,2026-04-24,13:50:40,-07:00,2026-04-24T13:50:40-07:00,0,0
global.js,108,js,04a020ad,Sweekrit-B,2026-04-24,13:50:40,-07:00,2026-04-24T13:50:40-07:00,0,79
global.js,109,js,04a020ad,Sweekrit-B,2026-04-24,13:50:40,-07:00,2026-04-24T13:50:40-07:00,1,28
global.js,110,js,04a020ad,Sweekrit-B,2026-04-24,13:50:40,-07:00,2026-04-24T13:50:40-07:00,1,20
global.js,111,js,04a020ad,Sweekrit-B,2026-04-24,13:50:40,-07:00,2026-04-24T13:50:40-07:00,0,0
global.js,112,js,04a020ad,Sweekrit-B,2026-04-24,13:50:40,-07:00,2026-04-24T13:50:40-07:00,1,66
global.js,113,js,04a020ad,Sweekrit-B,2026-04-24,13:50:40,-07:00,2026-04-24T13:50:40-07:00,1,56
global.js,114,js,04a020ad,Sweekrit-B,2026-04-24,13:50:40,-07:00,2026-04-24T13:50:40-07:00,0,0
global.js,115,js,04a020ad,Sweekrit-B,2026-04-24,13:50:40,-07:00,2026-04-24T13:50:40-07:00,1,34
global.js,116,js,04a020ad,Sweekrit-B,2026-04-24,13:50:40,-07:00,2026-04-24T13:50:40-07:00,2,48
global.js,117,js,46f5dfb9,Sweekrit-B,2026-05-01,21:31:19,-07:00,2026-05-01T21:31:19-07:00,2,0
global.js,118,js,46f5dfb9,Sweekrit-B,2026-05-01,21:31:19,-07:00,2026-05-01T21:31:19-07:00,2,45
global.js,119,js,46f5dfb9,Sweekrit-B,2026-05-01,21:31:19,-07:00,2026-05-01T21:31:19-07:00,2,18
global.js,120,js,46f5dfb9,Sweekrit-B,2026-05-01,21:31:19,-07:00,2026-05-01T21:31:19-07:00,2,18
global.js,121,js,46f5dfb9,Sweekrit-B,2026-05-01,21:31:19,-07:00,2026-05-01T21:31:19-07:00,3,38
global.js,122,js,46f5dfb9,Sweekrit-B,2026-05-01,21:31:19,-07:00,2026-05-01T21:31:19-07:00,3,45
global.js,123,js,46f5dfb9,Sweekrit-B,2026-05-01,21:31:19,-07:00,2026-05-01T21:31:19-07:00,3,12
global.js,124,js,46f5dfb9,Sweekrit-B,2026-05-01,21:31:19,-07:00,2026-05-01T21:31:19-07:00,4,12
global.js,125,js,46f5dfb9,Sweekrit-B,2026-05-01,21:31:19,-07:00,2026-05-01T21:31:19-07:00,5,25
global.js,126,js,46f5dfb9,Sweekrit-B,2026-05-01,21:31:19,-07:00,2026-05-01T21:31:19-07:00,6,5
global.js,127,js,46f5dfb9,Sweekrit-B,2026-05-01,21:31:19,-07:00,2026-05-01T21:31:19-07:00,7,10
global.js,128,js,46f5dfb9,Sweekrit-B,2026-05-01,21:31:19,-07:00,2026-05-01T21:31:19-07:00,7,10
global.js,129,js,46f5dfb9,Sweekrit-B,2026-05-01,21:31:19,-07:00,2026-05-01T21:31:19-07:00,7,44
global.js,130,js,46f5dfb9,Sweekrit-B,2026-05-01,21:31:19,-07:00,2026-05-01T21:31:19-07:00,7,28
global.js,131,js,46f5dfb9,Sweekrit-B,2026-05-01,21:31:19,-07:00,2026-05-01T21:31:19-07:00,7,13
global.js,132,js,46f5dfb9,Sweekrit-B,2026-05-01,21:31:19,-07:00,2026-05-01T21:31:19-07:00,7,105
global.js,133,js,46f5dfb9,Sweekrit-B,2026-05-01,21:31:19,-07:00,2026-05-01T21:31:19-07:00,7,46
global.js,134,js,46f5dfb9,Sweekrit-B,2026-05-01,21:31:19,-07:00,2026-05-01T21:31:19-07:00,7,14
global.js,135,js,46f5dfb9,Sweekrit-B,2026-05-01,21:31:19,-07:00,2026-05-01T21:31:19-07:00,6,7
global.js,136,js,46f5dfb9,Sweekrit-B,2026-05-01,21:31:19,-07:00,2026-05-01T21:31:19-07:00,5,4
global.js,137,js,46f5dfb9,Sweekrit-B,2026-05-01,21:31:19,-07:00,2026-05-01T21:31:19-07:00,4,0
global.js,138,js,46f5dfb9,Sweekrit-B,2026-05-01,21:31:19,-07:00,2026-05-01T21:31:19-07:00,3,0
global.js,139,js,46f5dfb9,Sweekrit-B,2026-05-01,21:31:19,-07:00,2026-05-01T21:31:19-07:00,2,0
global.js,140,js,46f5dfb9,Sweekrit-B,2026-05-01,21:31:19,-07:00,2026-05-01T21:31:19-07:00,2,0
global.js,141,js,46f5dfb9,Sweekrit-B,2026-05-01,21:31:19,-07:00,2026-05-01T21:31:19-07:00,2,56
global.js,142,js,46f5dfb9,Sweekrit-B,2026-05-01,21:31:19,-07:00,2026-05-01T21:31:19-07:00,2,17
global.js,143,js,46f5dfb9,Sweekrit-B,2026-05-01,21:31:19,-07:00,2026-05-01T21:31:19-07:00,2,19
global.js,144,js,46f5dfb9,Sweekrit-B,2026-05-01,21:31:19,-07:00,2026-05-01T21:31:19-07:00,3,64
global.js,145,js,46f5dfb9,Sweekrit-B,2026-05-01,21:31:19,-07:00,2026-05-01T21:31:19-07:00,2,0
global.js,146,js,46f5dfb9,Sweekrit-B,2026-05-01,21:31:19,-07:00,2026-05-01T21:31:19-07:00,2,0
global.js,147,js,04a020ad,Sweekrit-B,2026-04-24,13:50:40,-07:00,2026-04-24T13:50:40-07:00,2,71
global.js,148,js,04a020ad,Sweekrit-B,2026-04-24,13:50:40,-07:00,2026-04-24T13:50:40-07:00,3,1
global.js,149,js,04a020ad,Sweekrit-B,2026-04-24,13:50:40,-07:00,2026-04-24T13:50:40-07:00,4,54
global.js,150,js,04a020ad,Sweekrit-B,2026-04-24,13:50:40,-07:00,2026-04-24T13:50:40-07:00,5,13
global.js,151,js,04a020ad,Sweekrit-B,2026-04-24,13:50:40,-07:00,2026-04-24T13:50:40-07:00,5,25
global.js,152,js,04a020ad,Sweekrit-B,2026-04-24,13:50:40,-07:00,2026-04-24T13:50:40-07:00,6,60
global.js,153,js,04a020ad,Sweekrit-B,2026-04-24,13:50:40,-07:00,2026-04-24T13:50:40-07:00,5,3
global.js,154,js,04a020ad,Sweekrit-B,2026-04-24,13:50:40,-07:00,2026-04-24T13:50:40-07:00,4,8
global.js,155,js,04a020ad,Sweekrit-B,2026-04-24,13:50:40,-07:00,2026-04-24T13:50:40-07:00,3,0
global.js,156,js,04a020ad,Sweekrit-B,2026-04-24,13:50:40,-07:00,2026-04-24T13:50:40-07:00,3,3
global.js,157,js,04a020ad,Sweekrit-B,2026-04-24,13:50:40,-07:00,2026-04-24T13:50:40-07:00,2,68
global.js,158,js,04a020ad,Sweekrit-B,2026-04-24,13:50:40,-07:00,2026-04-24T13:50:40-07:00,3,1
global.js,159,js,04a020ad,Sweekrit-B,2026-04-24,13:50:40,-07:00,2026-04-24T13:50:40-07:00,4,53
global.js,160,js,04a020ad,Sweekrit-B,2026-04-24,13:50:40,-07:00,2026-04-24T13:50:40-07:00,5,12
global.js,161,js,04a020ad,Sweekrit-B,2026-04-24,13:50:40,-07:00,2026-04-24T13:50:40-07:00,5,24
global.js,162,js,04a020ad,Sweekrit-B,2026-04-24,13:50:40,-07:00,2026-04-24T13:50:40-07:00,6,29
global.js,163,js,04a020ad,Sweekrit-B,2026-04-24,13:50:40,-07:00,2026-04-24T13:50:40-07:00,7,2
global.js,164,js,04a020ad,Sweekrit-B,2026-04-24,13:50:40,-07:00,2026-04-24T13:50:40-07:00,8,95
global.js,165,js,04a020ad,Sweekrit-B,2026-04-24,13:50:40,-07:00,2026-04-24T13:50:40-07:00,9,11
global.js,166,js,04a020ad,Sweekrit-B,2026-04-24,13:50:40,-07:00,2026-04-24T13:50:40-07:00,8,2
global.js,167,js,04a020ad,Sweekrit-B,2026-04-24,13:50:40,-07:00,2026-04-24T13:50:40-07:00,7,3
global.js,168,js,04a020ad,Sweekrit-B,2026-04-24,13:50:40,-07:00,2026-04-24T13:50:40-07:00,6,10
global.js,169,js,04a020ad,Sweekrit-B,2026-04-24,13:50:40,-07:00,2026-04-24T13:50:40-07:00,5,3
global.js,170,js,04a020ad,Sweekrit-B,2026-04-24,13:50:40,-07:00,2026-04-24T13:50:40-07:00,4,8
global.js,171,js,04a020ad,Sweekrit-B,2026-04-24,13:50:40,-07:00,2026-04-24T13:50:40-07:00,3,0
global.js,172,js,04a020ad,Sweekrit-B,2026-04-24,13:50:40,-07:00,2026-04-24T13:50:40-07:00,3,3
global.js,173,js,04a020ad,Sweekrit-B,2026-04-24,13:50:40,-07:00,2026-04-24T13:50:40-07:00,0,0
global.js,174,js,04a020ad,Sweekrit-B,2026-04-24,13:50:40,-07:00,2026-04-24T13:50:40-07:00,2,19
global.js,175,js,04a020ad,Sweekrit-B,2026-04-24,13:50:40,-07:00,2026-04-24T13:50:40-07:00,3,49
global.js,176,js,04a020ad,Sweekrit-B,2026-04-24,13:50:40,-07:00,2026-04-24T13:50:40-07:00,3,47
global.js,177,js,46f5dfb9,Sweekrit-B,2026-05-01,21:31:19,-07:00,2026-05-01T21:31:19-07:00,3,10
global.js,178,js,46f5dfb9,Sweekrit-B,2026-05-01,21:31:19,-07:00,2026-05-01T21:31:19-07:00,3,11
global.js,179,js,04a020ad,Sweekrit-B,2026-04-24,13:50:40,-07:00,2026-04-24T13:50:40-07:00,3,27
global.js,180,js,04a020ad,Sweekrit-B,2026-04-24,13:50:40,-07:00,2026-04-24T13:50:40-07:00,3,7
global.js,181,js,04a020ad,Sweekrit-B,2026-04-24,13:50:40,-07:00,2026-04-24T13:50:40-07:00,3,6
global.js,182,js,04a020ad,Sweekrit-B,2026-04-24,13:50:40,-07:00,2026-04-24T13:50:40-07:00,2,0
global.js,183,js,04a020ad,Sweekrit-B,2026-04-24,13:50:40,-07:00,2026-04-24T13:50:40-07:00,2,36
global.js,184,js,04a020ad,Sweekrit-B,2026-04-24,13:50:40,-07:00,2026-04-24T13:50:40-07:00,1,0
global.js,185,js,04a020ad,Sweekrit-B,2026-04-24,13:50:40,-07:00,2026-04-24T13:50:40-07:00,0,0
global.js,186,js,04a020ad,Sweekrit-B,2026-04-24,13:50:40,-07:00,2026-04-24T13:50:40-07:00,0,0
global.js,187,js,4e123f39,Sweekrit-B,2026-04-24,14:46:51,-07:00,2026-04-24T14:46:51-07:00,0,46
global.js,188,js,4e123f39,Sweekrit-B,2026-04-24,14:46:51,-07:00,2026-04-24T14:46:51-07:00,1,18
global.js,189,js,4e123f39,Sweekrit-B,2026-04-24,14:46:51,-07:00,2026-04-24T14:46:51-07:00,0,0
global.js,190,js,4e123f39,Sweekrit-B,2026-04-24,14:46:51,-07:00,2026-04-24T14:46:51-07:00,1,64
global.js,191,js,4e123f39,Sweekrit-B,2026-04-24,14:46:51,-07:00,2026-04-24T14:46:51-07:00,1,19
global.js,192,js,4e123f39,Sweekrit-B,2026-04-24,14:46:51,-07:00,2026-04-24T14:46:51-07:00,2,60
global.js,193,js,4e123f39,Sweekrit-B,2026-04-24,14:46:51,-07:00,2026-04-24T14:46:51-07:00,3,38
global.js,194,js,4e123f39,Sweekrit-B,2026-04-24,14:46:51,-07:00,2026-04-24T14:46:51-07:00,3,3
global.js,195,js,4e123f39,Sweekrit-B,2026-04-24,14:46:51,-07:00,2026-04-24T14:46:51-07:00,0,0
global.js,196,js,4e123f39,Sweekrit-B,2026-04-24,14:46:51,-07:00,2026-04-24T14:46:51-07:00,2,26
global.js,197,js,4e123f39,Sweekrit-B,2026-04-24,14:46:51,-07:00,2026-04-24T14:46:51-07:00,3,32
global.js,198,js,4e123f39,Sweekrit-B,2026-04-24,14:46:51,-07:00,2026-04-24T14:46:51-07:00,3,60
global.js,199,js,4e123f39,Sweekrit-B,2026-04-24,14:46:51,-07:00,2026-04-24T14:46:51-07:00,3,1
global.js,200,js,4e123f39,Sweekrit-B,2026-04-24,14:46:51,-07:00,2026-04-24T14:46:51-07:00,4,31
global.js,201,js,4e123f39,Sweekrit-B,2026-04-24,14:46:51,-07:00,2026-04-24T14:46:51-07:00,4,101
global.js,202,js,4e123f39,Sweekrit-B,2026-04-24,14:46:51,-07:00,2026-04-24T14:46:51-07:00,3,2
global.js,203,js,4e123f39,Sweekrit-B,2026-04-24,14:46:51,-07:00,2026-04-24T14:46:51-07:00,3,46
global.js,204,js,4e123f39,Sweekrit-B,2026-04-24,14:46:51,-07:00,2026-04-24T14:46:51-07:00,3,8
global.js,205,js,4e123f39,Sweekrit-B,2026-04-24,14:46:51,-07:00,2026-04-24T14:46:51-07:00,2,0
global.js,206,js,4e123f39,Sweekrit-B,2026-04-24,14:46:51,-07:00,2026-04-24T14:46:51-07:00,1,0
global.js,207,js,4e123f39,Sweekrit-B,2026-04-24,14:46:51,-07:00,2026-04-24T14:46:51-07:00,0,0
global.js,208,js,4e123f39,Sweekrit-B,2026-04-24,14:46:51,-07:00,2026-04-24T14:46:51-07:00,1,64
global.js,209,js,4e123f39,Sweekrit-B,2026-04-24,14:46:51,-07:00,2026-04-24T14:46:51-07:00,1,55
global.js,210,js,4e123f39,Sweekrit-B,2026-04-24,14:46:51,-07:00,2026-04-24T14:46:51-07:00,2,28
global.js,211,js,4e123f39,Sweekrit-B,2026-04-24,14:46:51,-07:00,2026-04-24T14:46:51-07:00,0,0
global.js,212,js,4e123f39,Sweekrit-B,2026-04-24,14:46:51,-07:00,2026-04-24T14:46:51-07:00,2,37
global.js,213,js,4e123f39,Sweekrit-B,2026-04-24,14:46:51,-07:00,2026-04-24T14:46:51-07:00,3,48
global.js,214,js,4e123f39,Sweekrit-B,2026-04-24,14:46:51,-07:00,2026-04-24T14:46:51-07:00,3,41
global.js,215,js,4e123f39,Sweekrit-B,2026-04-24,14:46:51,-07:00,2026-04-24T14:46:51-07:00,4,59
global.js,216,js,4e123f39,Sweekrit-B,2026-04-24,14:46:51,-07:00,2026-04-24T14:46:51-07:00,4,3
global.js,217,js,4e123f39,Sweekrit-B,2026-04-24,14:46:51,-07:00,2026-04-24T14:46:51-07:00,3,28
global.js,218,js,4e123f39,Sweekrit-B,2026-04-24,14:46:51,-07:00,2026-04-24T14:46:51-07:00,4,53
global.js,219,js,4e123f39,Sweekrit-B,2026-04-24,14:46:51,-07:00,2026-04-24T14:46:51-07:00,4,15
global.js,220,js,4e123f39,Sweekrit-B,2026-04-24,14:46:51,-07:00,2026-04-24T14:46:51-07:00,0,0
global.js,221,js,4e123f39,Sweekrit-B,2026-04-24,14:46:51,-07:00,2026-04-24T14:46:51-07:00,3,19
global.js,222,js,4e123f39,Sweekrit-B,2026-04-24,14:46:51,-07:00,2026-04-24T14:46:51-07:00,4,6
global.js,223,js,4e123f39,Sweekrit-B,2026-04-24,14:46:51,-07:00,2026-04-24T14:46:51-07:00,5,19
global.js,224,js,4e123f39,Sweekrit-B,2026-04-24,14:46:51,-07:00,2026-04-24T14:46:51-07:00,5,107
global.js,225,js,4e123f39,Sweekrit-B,2026-04-24,14:46:51,-07:00,2026-04-24T14:46:51-07:00,5,58
global.js,226,js,4e123f39,Sweekrit-B,2026-04-24,14:46:51,-07:00,2026-04-24T14:46:51-07:00,4,7
global.js,227,js,4e123f39,Sweekrit-B,2026-04-24,14:46:51,-07:00,2026-04-24T14:46:51-07:00,4,17
global.js,228,js,4e123f39,Sweekrit-B,2026-04-24,14:46:51,-07:00,2026-04-24T14:46:51-07:00,3,0
global.js,229,js,4e123f39,Sweekrit-B,2026-04-24,14:46:51,-07:00,2026-04-24T14:46:51-07:00,0,0
global.js,230,js,4e123f39,Sweekrit-B,2026-04-24,14:46:51,-07:00,2026-04-24T14:46:51-07:00,3,34
global.js,231,js,4e123f39,Sweekrit-B,2026-04-24,14:46:51,-07:00,2026-04-24T14:46:51-07:00,2,0
global.js,232,js,4e123f39,Sweekrit-B,2026-04-24,14:46:51,-07:00,2026-04-24T14:46:51-07:00,1,0
global.js,233,js,4e123f39,Sweekrit-B,2026-04-24,14:46:51,-07:00,2026-04-24T14:46:51-07:00,0,0
global.js,234,js,4e123f39,Sweekrit-B,2026-04-24,14:46:51,-07:00,2026-04-24T14:46:51-07:00,1,58
global.js,235,js,4e123f39,Sweekrit-B,2026-04-24,14:46:51,-07:00,2026-04-24T14:46:51-07:00,1,57
global.js,236,js,4e123f39,Sweekrit-B,2026-04-24,14:46:51,-07:00,2026-04-24T14:46:51-07:00,2,23
global.js,237,js,4e123f39,Sweekrit-B,2026-04-24,14:46:51,-07:00,2026-04-24T14:46:51-07:00,3,34
global.js,238,js,4e123f39,Sweekrit-B,2026-04-24,14:46:51,-07:00,2026-04-24T14:46:51-07:00,4,22
global.js,239,js,4e123f39,Sweekrit-B,2026-04-24,14:46:51,-07:00,2026-04-24T14:46:51-07:00,5,3
global.js,240,js,4e123f39,Sweekrit-B,2026-04-24,14:46:51,-07:00,2026-04-24T14:46:51-07:00,6,10
global.js,241,js,4e123f39,Sweekrit-B,2026-04-24,14:46:51,-07:00,2026-04-24T14:46:51-07:00,7,34
global.js,242,js,4e123f39,Sweekrit-B,2026-04-24,14:46:51,-07:00,2026-04-24T14:46:51-07:00,8,24
global.js,243,js,4e123f39,Sweekrit-B,2026-04-24,14:46:51,-07:00,2026-04-24T14:46:51-07:00,8,25
global.js,244,js,4e123f39,Sweekrit-B,2026-04-24,14:46:51,-07:00,2026-04-24T14:46:51-07:00,9,63
global.js,245,js,4e123f39,Sweekrit-B,2026-04-24,14:46:51,-07:00,2026-04-24T14:46:51-07:00,8,3
global.js,246,js,4e123f39,Sweekrit-B,2026-04-24,14:46:51,-07:00,2026-04-24T14:46:51-07:00,7,8
global.js,247,js,4e123f39,Sweekrit-B,2026-04-24,14:46:51,-07:00,2026-04-24T14:46:51-07:00,6,0
global.js,248,js,4e123f39,Sweekrit-B,2026-04-24,14:46:51,-07:00,2026-04-24T14:46:51-07:00,5,0
global.js,249,js,4e123f39,Sweekrit-B,2026-04-24,14:46:51,-07:00,2026-04-24T14:46:51-07:00,5,8
global.js,250,js,4e123f39,Sweekrit-B,2026-04-24,14:46:51,-07:00,2026-04-24T14:46:51-07:00,3,8
global.js,251,js,4e123f39,Sweekrit-B,2026-04-24,14:46:51,-07:00,2026-04-24T14:46:51-07:00,2,0
global.js,252,js,4e123f39,Sweekrit-B,2026-04-24,14:46:51,-07:00,2026-04-24T14:46:51-07:00,1,0
global.js,253,js,4e123f39,Sweekrit-B,2026-04-24,14:46:51,-07:00,2026-04-24T14:46:51-07:00,0,0
global.js,254,js,4e123f39,Sweekrit-B,2026-04-24,14:46:51,-07:00,2026-04-24T14:46:51-07:00,0,0
global.js,255,js,04a020ad,Sweekrit-B,2026-04-24,13:50:40,-07:00,2026-04-24T13:50:40-07:00,0,41
global.js,256,js,04a020ad,Sweekrit-B,2026-04-24,13:50:40,-07:00,2026-04-24T13:50:40-07:00,1,59
global.js,257,js,04a020ad,Sweekrit-B,2026-04-24,13:50:40,-07:00,2026-04-24T13:50:40-07:00,0,0
resume\resume.js,1,js,4e123f39,Sweekrit-B,2026-04-24,14:46:51,-07:00,2026-04-24T14:46:51-07:00,0,63
resume\resume.js,2,js,4e123f39,Sweekrit-B,2026-04-24,14:46:51,-07:00,2026-04-24T14:46:51-07:00,0,0
resume\resume.js,3,js,4e123f39,Sweekrit-B,2026-04-24,14:46:51,-07:00,2026-04-24T14:46:51-07:00,0,51
resume\resume.js,4,js,4e123f39,Sweekrit-B,2026-04-24,14:46:51,-07:00,2026-04-24T14:46:51-07:00,0,0
resume\resume.js,5,js,4e123f39,Sweekrit-B,2026-04-24,14:46:51,-07:00,2026-04-24T14:46:51-07:00,0,12
resume\resume.js,6,js,4e123f39,Sweekrit-B,2026-04-24,14:46:51,-07:00,2026-04-24T14:46:51-07:00,1,43
resume\resume.js,7,js,4e123f39,Sweekrit-B,2026-04-24,14:46:51,-07:00,2026-04-24T14:46:51-07:00,0,6
resume\resume.js,8,js,4e123f39,Sweekrit-B,2026-04-24,14:46:51,-07:00,2026-04-24T14:46:51-07:00,1,29
resume\resume.js,9,js,4e123f39,Sweekrit-B,2026-04-24,14:46:51,-07:00,2026-04-24T14:46:51-07:00,0,0
resume\index.html,1,html,1ce71b76,Sweekrit-B,2026-04-02,19:24:58,-07:00,2026-04-02T19:24:58-07:00,0,13
resume\index.html,2,html,1ce71b76,Sweekrit-B,2026-04-02,19:24:58,-07:00,2026-04-02T19:24:58-07:00,0,14
resume\index.html,3,html,1ce71b76,Sweekrit-B,2026-04-02,19:24:58,-07:00,2026-04-02T19:24:58-07:00,0,4
resume\index.html,4,html,1ce71b76,Sweekrit-B,2026-04-02,19:24:58,-07:00,2026-04-02T19:24:58-07:00,2,20
resume\index.html,5,html,1ce71b76,Sweekrit-B,2026-04-02,19:24:58,-07:00,2026-04-02T19:24:58-07:00,2,68
resume\index.html,6,html,1ce71b76,Sweekrit-B,2026-04-02,19:24:58,-07:00,2026-04-02T19:24:58-07:00,2,41
resume\index.html,7,html,1ce71b76,Sweekrit-B,2026-04-02,19:24:58,-07:00,2026-04-02T19:24:58-07:00,2,19
resume\index.html,8,html,1ce71b76,Sweekrit-B,2026-04-02,19:24:58,-07:00,2026-04-02T19:24:58-07:00,0,5
resume\index.html,9,html,1ce71b76,Sweekrit-B,2026-04-02,19:24:58,-07:00,2026-04-02T19:24:58-07:00,0,4
resume\index.html,10,html,f88db4be,Sweekrit-B,2026-04-10,20:10:18,-07:00,2026-04-10T20:10:18-07:00,2,19
resume\index.html,11,html,f88db4be,Sweekrit-B,2026-04-10,20:10:18,-07:00,2026-04-10T20:10:18-07:00,4,7
resume\index.html,12,html,1ce71b76,Sweekrit-B,2026-04-02,19:24:58,-07:00,2026-04-02T19:24:58-07:00,6,6
resume\index.html,13,html,f88db4be,Sweekrit-B,2026-04-10,20:10:18,-07:00,2026-04-10T20:10:18-07:00,8,13
resume\index.html,14,html,1ce71b76,Sweekrit-B,2026-04-02,19:24:58,-07:00,2026-04-02T19:24:58-07:00,6,7
resume\index.html,15,html,4e123f39,Sweekrit-B,2026-04-24,14:46:51,-07:00,2026-04-24T14:46:51-07:00,0,0
resume\index.html,16,html,f88db4be,Sweekrit-B,2026-04-10,20:10:18,-07:00,2026-04-10T20:10:18-07:00,6,6
resume\index.html,17,html,f88db4be,Sweekrit-B,2026-04-10,20:10:18,-07:00,2026-04-10T20:10:18-07:00,8,16
resume\index.html,18,html,f88db4be,Sweekrit-B,2026-04-10,20:10:18,-07:00,2026-04-10T20:10:18-07:00,6,7
resume\index.html,19,html,4e123f39,Sweekrit-B,2026-04-24,14:46:51,-07:00,2026-04-24T14:46:51-07:00,6,59
resume\index.html,20,html,1ce71b76,Sweekrit-B,2026-04-02,19:24:58,-07:00,2026-04-02T19:24:58-07:00,0,0
resume\index.html,21,html,4e123f39,Sweekrit-B,2026-04-24,14:46:51,-07:00,2026-04-24T14:46:51-07:00,6,6
resume\index.html,22,html,4e123f39,Sweekrit-B,2026-04-24,14:46:51,-07:00,2026-04-24T14:46:51-07:00,8,17
resume\index.html,23,html,4e123f39,Sweekrit-B,2026-04-24,14:46:51,-07:00,2026-04-24T14:46:51-07:00,6,7
resume\index.html,24,html,4e123f39,Sweekrit-B,2026-04-24,14:46:51,-07:00,2026-04-24T14:46:51-07:00,6,57
resume\index.html,25,html,1ce71b76,Sweekrit-B,2026-04-02,19:24:58,-07:00,2026-04-02T19:24:58-07:00,0,0
resume\index.html,26,html,f88db4be,Sweekrit-B,2026-04-10,20:10:18,-07:00,2026-04-10T20:10:18-07:00,6,6
resume\index.html,27,html,f88db4be,Sweekrit-B,2026-04-10,20:10:18,-07:00,2026-04-10T20:10:18-07:00,8,23
resume\index.html,28,html,f88db4be,Sweekrit-B,2026-04-10,20:10:18,-07:00,2026-04-10T20:10:18-07:00,6,7
resume\index.html,29,html,4e123f39,Sweekrit-B,2026-04-24,14:46:51,-07:00,2026-04-24T14:46:51-07:00,6,56
resume\index.html,30,html,f88db4be,Sweekrit-B,2026-04-10,20:10:18,-07:00,2026-04-10T20:10:18-07:00,4,8
resume\index.html,31,html,f88db4be,Sweekrit-B,2026-04-10,20:10:18,-07:00,2026-04-10T20:10:18-07:00,2,4
resume\index.html,32,html,1ce71b76,Sweekrit-B,2026-04-02,19:24:58,-07:00,2026-04-02T19:24:58-07:00,0,5
resume\index.html,33,html,4e123f39,Sweekrit-B,2026-04-24,14:46:51,-07:00,2026-04-24T14:46:51-07:00,0,48
resume\index.html,34,html,4e123f39,Sweekrit-B,2026-04-24,14:46:51,-07:00,2026-04-24T14:46:51-07:00,0,47
resume\index.html,35,html,1ce71b76,Sweekrit-B,2026-04-02,19:24:58,-07:00,2026-04-02T19:24:58-07:00,0,5
projects\projects.js,1,js,04a020ad,Sweekrit-B,2026-04-24,13:50:40,-07:00,2026-04-24T13:50:40-07:00,0,55
projects\projects.js,2,js,46f5dfb9,Sweekrit-B,2026-05-01,21:31:19,-07:00,2026-05-01T21:31:19-07:00,0,63
projects\projects.js,3,js,04a020ad,Sweekrit-B,2026-04-24,13:50:40,-07:00,2026-04-24T13:50:40-07:00,0,0
projects\projects.js,4,js,04a020ad,Sweekrit-B,2026-04-24,13:50:40,-07:00,2026-04-24T13:50:40-07:00,0,54
projects\projects.js,5,js,04a020ad,Sweekrit-B,2026-04-24,13:50:40,-07:00,2026-04-24T13:50:40-07:00,0,60
projects\projects.js,6,js,04a020ad,Sweekrit-B,2026-04-24,13:50:40,-07:00,2026-04-24T13:50:40-07:00,0,48
projects\projects.js,7,js,04a020ad,Sweekrit-B,2026-04-24,13:50:40,-07:00,2026-04-24T13:50:40-07:00,0,0
projects\projects.js,8,js,04a020ad,Sweekrit-B,2026-04-24,13:50:40,-07:00,2026-04-24T13:50:40-07:00,0,34
projects\projects.js,9,js,04a020ad,Sweekrit-B,2026-04-24,13:50:40,-07:00,2026-04-24T13:50:40-07:00,0,62
projects\projects.js,10,js,46f5dfb9,Sweekrit-B,2026-05-01,21:31:19,-07:00,2026-05-01T21:31:19-07:00,0,52
projects\projects.js,11,js,46f5dfb9,Sweekrit-B,2026-05-01,21:31:19,-07:00,2026-05-01T21:31:19-07:00,0,0
projects\projects.js,12,js,46f5dfb9,Sweekrit-B,2026-05-01,21:31:19,-07:00,2026-05-01T21:31:19-07:00,0,57
projects\projects.js,13,js,46f5dfb9,Sweekrit-B,2026-05-01,21:31:19,-07:00,2026-05-01T21:31:19-07:00,0,48
projects\projects.js,14,js,46f5dfb9,Sweekrit-B,2026-05-01,21:31:19,-07:00,2026-05-01T21:31:19-07:00,0,23
projects\projects.js,15,js,46f5dfb9,Sweekrit-B,2026-05-01,21:31:19,-07:00,2026-05-01T21:31:19-07:00,0,22
projects\projects.js,16,js,46f5dfb9,Sweekrit-B,2026-05-01,21:31:19,-07:00,2026-05-01T21:31:19-07:00,0,0
projects\projects.js,17,js,46f5dfb9,Sweekrit-B,2026-05-01,21:31:19,-07:00,2026-05-01T21:31:19-07:00,0,19
projects\projects.js,18,js,46f5dfb9,Sweekrit-B,2026-05-01,21:31:19,-07:00,2026-05-01T21:31:19-07:00,2,100
projects\projects.js,19,js,46f5dfb9,Sweekrit-B,2026-05-01,21:31:19,-07:00,2026-05-01T21:31:19-07:00,2,55
projects\projects.js,20,js,46f5dfb9,Sweekrit-B,2026-05-01,21:31:19,-07:00,2026-05-01T21:31:19-07:00,4,59
projects\projects.js,21,js,46f5dfb9,Sweekrit-B,2026-05-01,21:31:19,-07:00,2026-05-01T21:31:19-07:00,4,42
projects\projects.js,22,js,46f5dfb9,Sweekrit-B,2026-05-01,21:31:19,-07:00,2026-05-01T21:31:19-07:00,2,1
projects\projects.js,23,js,46f5dfb9,Sweekrit-B,2026-05-01,21:31:19,-07:00,2026-05-01T21:31:19-07:00,2,56
projects\projects.js,24,js,46f5dfb9,Sweekrit-B,2026-05-01,21:31:19,-07:00,2026-05-01T21:31:19-07:00,0,0
projects\projects.js,25,js,46f5dfb9,Sweekrit-B,2026-05-01,21:31:19,-07:00,2026-05-01T21:31:19-07:00,2,16
projects\projects.js,26,js,46f5dfb9,Sweekrit-B,2026-05-01,21:31:19,-07:00,2026-05-01T21:31:19-07:00,2,43
projects\projects.js,27,js,46f5dfb9,Sweekrit-B,2026-05-01,21:31:19,-07:00,2026-05-01T21:31:19-07:00,4,23
projects\projects.js,28,js,46f5dfb9,Sweekrit-B,2026-05-01,21:31:19,-07:00,2026-05-01T21:31:19-07:00,2,33
projects\projects.js,29,js,46f5dfb9,Sweekrit-B,2026-05-01,21:31:19,-07:00,2026-05-01T21:31:19-07:00,4,31
projects\projects.js,30,js,46f5dfb9,Sweekrit-B,2026-05-01,21:31:19,-07:00,2026-05-01T21:31:19-07:00,2,0
projects\projects.js,31,js,46f5dfb9,Sweekrit-B,2026-05-01,21:31:19,-07:00,2026-05-01T21:31:19-07:00,0,0
projects\projects.js,32,js,46f5dfb9,Sweekrit-B,2026-05-01,21:31:19,-07:00,2026-05-01T21:31:19-07:00,0,0
projects\projects.js,33,js,46f5dfb9,Sweekrit-B,2026-05-01,21:31:19,-07:00,2026-05-01T21:31:19-07:00,0,38
projects\projects.js,34,js,46f5dfb9,Sweekrit-B,2026-05-01,21:31:19,-07:00,2026-05-01T21:31:19-07:00,2,29
projects\projects.js,35,js,46f5dfb9,Sweekrit-B,2026-05-01,21:31:19,-07:00,2026-05-01T21:31:19-07:00,4,12
projects\projects.js,36,js,46f5dfb9,Sweekrit-B,2026-05-01,21:31:19,-07:00,2026-05-01T21:31:19-07:00,4,14
projects\projects.js,37,js,46f5dfb9,Sweekrit-B,2026-05-01,21:31:19,-07:00,2026-05-01T21:31:19-07:00,4,12
projects\projects.js,38,js,46f5dfb9,Sweekrit-B,2026-05-01,21:31:19,-07:00,2026-05-01T21:31:19-07:00,2,0
projects\projects.js,39,js,46f5dfb9,Sweekrit-B,2026-05-01,21:31:19,-07:00,2026-05-01T21:31:19-07:00,2,31
projects\projects.js,40,js,46f5dfb9,Sweekrit-B,2026-05-01,21:31:19,-07:00,2026-05-01T21:31:19-07:00,4,53
projects\projects.js,41,js,46f5dfb9,Sweekrit-B,2026-05-01,21:31:19,-07:00,2026-05-01T21:31:19-07:00,4,53
projects\projects.js,42,js,46f5dfb9,Sweekrit-B,2026-05-01,21:31:19,-07:00,2026-05-01T21:31:19-07:00,4,44
projects\projects.js,43,js,46f5dfb9,Sweekrit-B,2026-05-01,21:31:19,-07:00,2026-05-01T21:31:19-07:00,4,0
projects\projects.js,44,js,46f5dfb9,Sweekrit-B,2026-05-01,21:31:19,-07:00,2026-05-01T21:31:19-07:00,4,34
projects\projects.js,45,js,46f5dfb9,Sweekrit-B,2026-05-01,21:31:19,-07:00,2026-05-01T21:31:19-07:00,4,29
projects\projects.js,46,js,46f5dfb9,Sweekrit-B,2026-05-01,21:31:19,-07:00,2026-05-01T21:31:19-07:00,6,11
projects\projects.js,47,js,46f5dfb9,Sweekrit-B,2026-05-01,21:31:19,-07:00,2026-05-01T21:31:19-07:00,6,11
projects\projects.js,48,js,46f5dfb9,Sweekrit-B,2026-05-01,21:31:19,-07:00,2026-05-01T21:31:19-07:00,6,28
projects\projects.js,49,js,46f5dfb9,Sweekrit-B,2026-05-01,21:31:19,-07:00,2026-05-01T21:31:19-07:00,6,34
projects\projects.js,50,js,46f5dfb9,Sweekrit-B,2026-05-01,21:31:19,-07:00,2026-05-01T21:31:19-07:00,6,24
projects\projects.js,51,js,46f5dfb9,Sweekrit-B,2026-05-01,21:31:19,-07:00,2026-05-01T21:31:19-07:00,6,27
projects\projects.js,52,js,46f5dfb9,Sweekrit-B,2026-05-01,21:31:19,-07:00,2026-05-01T21:31:19-07:00,6,19
projects\projects.js,53,js,46f5dfb9,Sweekrit-B,2026-05-01,21:31:19,-07:00,2026-05-01T21:31:19-07:00,6,19
projects\projects.js,54,js,46f5dfb9,Sweekrit-B,2026-05-01,21:31:19,-07:00,2026-05-01T21:31:19-07:00,4,0
projects\projects.js,55,js,46f5dfb9,Sweekrit-B,2026-05-01,21:31:19,-07:00,2026-05-01T21:31:19-07:00,4,5
projects\projects.js,56,js,46f5dfb9,Sweekrit-B,2026-05-01,21:31:19,-07:00,2026-05-01T21:31:19-07:00,2,0
projects\projects.js,57,js,46f5dfb9,Sweekrit-B,2026-05-01,21:31:19,-07:00,2026-05-01T21:31:19-07:00,2,82
projects\projects.js,58,js,46f5dfb9,Sweekrit-B,2026-05-01,21:31:19,-07:00,2026-05-01T21:31:19-07:00,2,53
projects\projects.js,59,js,46f5dfb9,Sweekrit-B,2026-05-01,21:31:19,-07:00,2026-05-01T21:31:19-07:00,2,42
projects\projects.js,60,js,46f5dfb9,Sweekrit-B,2026-05-01,21:31:19,-07:00,2026-05-01T21:31:19-07:00,2,51
projects\projects.js,61,js,46f5dfb9,Sweekrit-B,2026-05-01,21:31:19,-07:00,2026-05-01T21:31:19-07:00,2,0
projects\projects.js,62,js,46f5dfb9,Sweekrit-B,2026-05-01,21:31:19,-07:00,2026-05-01T21:31:19-07:00,2,57
projects\projects.js,63,js,46f5dfb9,Sweekrit-B,2026-05-01,21:31:19,-07:00,2026-05-01T21:31:19-07:00,2,38
projects\projects.js,64,js,46f5dfb9,Sweekrit-B,2026-05-01,21:31:19,-07:00,2026-05-01T21:31:19-07:00,2,29
projects\projects.js,65,js,46f5dfb9,Sweekrit-B,2026-05-01,21:31:19,-07:00,2026-05-01T21:31:19-07:00,2,29
projects\projects.js,66,js,46f5dfb9,Sweekrit-B,2026-05-01,21:31:19,-07:00,2026-05-01T21:31:19-07:00,2,27
projects\projects.js,67,js,46f5dfb9,Sweekrit-B,2026-05-01,21:31:19,-07:00,2026-05-01T21:31:19-07:00,4,16
projects\projects.js,68,js,46f5dfb9,Sweekrit-B,2026-05-01,21:31:19,-07:00,2026-05-01T21:31:19-07:00,5,13
projects\projects.js,69,js,46f5dfb9,Sweekrit-B,2026-05-01,21:31:19,-07:00,2026-05-01T21:31:19-07:00,5,22
projects\projects.js,70,js,46f5dfb9,Sweekrit-B,2026-05-01,21:31:19,-07:00,2026-05-01T21:31:19-07:00,5,36
projects\projects.js,71,js,46f5dfb9,Sweekrit-B,2026-05-01,21:31:19,-07:00,2026-05-01T21:31:19-07:00,5,39
projects\projects.js,72,js,46f5dfb9,Sweekrit-B,2026-05-01,21:31:19,-07:00,2026-05-01T21:31:19-07:00,5,18
projects\projects.js,73,js,46f5dfb9,Sweekrit-B,2026-05-01,21:31:19,-07:00,2026-05-01T21:31:19-07:00,7,45
projects\projects.js,74,js,46f5dfb9,Sweekrit-B,2026-05-01,21:31:19,-07:00,2026-05-01T21:31:19-07:00,7,74
projects\projects.js,75,js,46f5dfb9,Sweekrit-B,2026-05-01,21:31:19,-07:00,2026-05-01T21:31:19-07:00,7,75
projects\projects.js,76,js,46f5dfb9,Sweekrit-B,2026-05-01,21:31:19,-07:00,2026-05-01T21:31:19-07:00,7,9
projects\projects.js,77,js,46f5dfb9,Sweekrit-B,2026-05-01,21:31:19,-07:00,2026-05-01T21:31:19-07:00,5,1
projects\projects.js,78,js,46f5dfb9,Sweekrit-B,2026-05-01,21:31:19,-07:00,2026-05-01T21:31:19-07:00,2,1
projects\projects.js,79,js,46f5dfb9,Sweekrit-B,2026-05-01,21:31:19,-07:00,2026-05-01T21:31:19-07:00,2,0
projects\projects.js,80,js,46f5dfb9,Sweekrit-B,2026-05-01,21:31:19,-07:00,2026-05-01T21:31:19-07:00,2,24
projects\projects.js,81,js,46f5dfb9,Sweekrit-B,2026-05-01,21:31:19,-07:00,2026-05-01T21:31:19-07:00,2,32
projects\projects.js,82,js,46f5dfb9,Sweekrit-B,2026-05-01,21:31:19,-07:00,2026-05-01T21:31:19-07:00,2,30
projects\projects.js,83,js,46f5dfb9,Sweekrit-B,2026-05-01,21:31:19,-07:00,2026-05-01T21:31:19-07:00,2,27
projects\projects.js,84,js,46f5dfb9,Sweekrit-B,2026-05-01,21:31:19,-07:00,2026-05-01T21:31:19-07:00,4,4
projects\projects.js,85,js,46f5dfb9,Sweekrit-B,2026-05-01,21:31:19,-07:00,2026-05-01T21:31:19-07:00,6,11
projects\projects.js,86,js,46f5dfb9,Sweekrit-B,2026-05-01,21:31:19,-07:00,2026-05-01T21:31:19-07:00,6,27
projects\projects.js,87,js,46f5dfb9,Sweekrit-B,2026-05-01,21:31:19,-07:00,2026-05-01T21:31:19-07:00,6,38
projects\projects.js,88,js,46f5dfb9,Sweekrit-B,2026-05-01,21:31:19,-07:00,2026-05-01T21:31:19-07:00,6,69
projects\projects.js,89,js,46f5dfb9,Sweekrit-B,2026-05-01,21:31:19,-07:00,2026-05-01T21:31:19-07:00,2,1
projects\projects.js,90,js,46f5dfb9,Sweekrit-B,2026-05-01,21:31:19,-07:00,2026-05-01T21:31:19-07:00,0,0
projects\projects.js,91,js,46f5dfb9,Sweekrit-B,2026-05-01,21:31:19,-07:00,2026-05-01T21:31:19-07:00,0,0
projects\projects.js,92,js,46f5dfb9,Sweekrit-B,2026-05-01,21:31:19,-07:00,2026-05-01T21:31:19-07:00,0,23
projects\projects.js,93,js,46f5dfb9,Sweekrit-B,2026-05-01,21:31:19,-07:00,2026-05-01T21:31:19-07:00,0,0
projects\projects.js,94,js,46f5dfb9,Sweekrit-B,2026-05-01,21:31:19,-07:00,2026-05-01T21:31:19-07:00,0,13
projects\projects.js,95,js,46f5dfb9,Sweekrit-B,2026-05-01,21:31:19,-07:00,2026-05-01T21:31:19-07:00,0,53
projects\projects.js,96,js,46f5dfb9,Sweekrit-B,2026-05-01,21:31:19,-07:00,2026-05-01T21:31:19-07:00,0,48
projects\projects.js,97,js,46f5dfb9,Sweekrit-B,2026-05-01,21:31:19,-07:00,2026-05-01T21:31:19-07:00,2,39
projects\projects.js,98,js,46f5dfb9,Sweekrit-B,2026-05-01,21:31:19,-07:00,2026-05-01T21:31:19-07:00,2,9
projects\projects.js,99,js,46f5dfb9,Sweekrit-B,2026-05-01,21:31:19,-07:00,2026-05-01T21:31:19-07:00,0,1
projects\projects.js,100,js,46f5dfb9,Sweekrit-B,2026-05-01,21:31:19,-07:00,2026-05-01T21:31:19-07:00,0,0
projects\projects.js,101,js,46f5dfb9,Sweekrit-B,2026-05-01,21:31:19,-07:00,2026-05-01T21:31:19-07:00,0,21
projects\projects.js,102,js,46f5dfb9,Sweekrit-B,2026-05-01,21:31:19,-07:00,2026-05-01T21:31:19-07:00,0,55
projects\projects.js,103,js,46f5dfb9,Sweekrit-B,2026-05-01,21:31:19,-07:00,2026-05-01T21:31:19-07:00,0,16
projects\projects.js,104,js,46f5dfb9,Sweekrit-B,2026-05-01,21:31:19,-07:00,2026-05-01T21:31:19-07:00,2,43
projects\projects.js,105,js,46f5dfb9,Sweekrit-B,2026-05-01,21:31:19,-07:00,2026-05-01T21:31:19-07:00,4,9
projects\projects.js,106,js,46f5dfb9,Sweekrit-B,2026-05-01,21:31:19,-07:00,2026-05-01T21:31:19-07:00,4,19
projects\projects.js,107,js,46f5dfb9,Sweekrit-B,2026-05-01,21:31:19,-07:00,2026-05-01T21:31:19-07:00,4,18
projects\projects.js,108,js,46f5dfb9,Sweekrit-B,2026-05-01,21:31:19,-07:00,2026-05-01T21:31:19-07:00,4,21
projects\projects.js,109,js,46f5dfb9,Sweekrit-B,2026-05-01,21:31:19,-07:00,2026-05-01T21:31:19-07:00,4,9
projects\projects.js,110,js,46f5dfb9,Sweekrit-B,2026-05-01,21:31:19,-07:00,2026-05-01T21:31:19-07:00,2,1
projects\projects.js,111,js,46f5dfb9,Sweekrit-B,2026-05-01,21:31:19,-07:00,2026-05-01T21:31:19-07:00,0,0
projects\index.html,1,html,1ce71b76,Sweekrit-B,2026-04-02,19:24:58,-07:00,2026-04-02T19:24:58-07:00,0,13
projects\index.html,2,html,1ce71b76,Sweekrit-B,2026-04-02,19:24:58,-07:00,2026-04-02T19:24:58-07:00,0,14
projects\index.html,3,html,1ce71b76,Sweekrit-B,2026-04-02,19:24:58,-07:00,2026-04-02T19:24:58-07:00,0,4
projects\index.html,4,html,1ce71b76,Sweekrit-B,2026-04-02,19:24:58,-07:00,2026-04-02T19:24:58-07:00,2,20
projects\index.html,5,html,1ce71b76,Sweekrit-B,2026-04-02,19:24:58,-07:00,2026-04-02T19:24:58-07:00,2,68
projects\index.html,6,html,1ce71b76,Sweekrit-B,2026-04-02,19:24:58,-07:00,2026-04-02T19:24:58-07:00,2,41
projects\index.html,7,html,1ce71b76,Sweekrit-B,2026-04-02,19:24:58,-07:00,2026-04-02T19:24:58-07:00,2,41
projects\index.html,8,html,1ce71b76,Sweekrit-B,2026-04-02,19:24:58,-07:00,2026-04-02T19:24:58-07:00,0,5
projects\index.html,9,html,1ce71b76,Sweekrit-B,2026-04-02,19:24:58,-07:00,2026-04-02T19:24:58-07:00,0,4
projects\index.html,10,html,f88db4be,Sweekrit-B,2026-04-10,20:10:18,-07:00,2026-04-10T20:10:18-07:00,2,19
projects\index.html,11,html,04a020ad,Sweekrit-B,2026-04-24,13:50:40,-07:00,2026-04-24T13:50:40-07:00,4,38
projects\index.html,12,html,46f5dfb9,Sweekrit-B,2026-05-01,21:31:19,-07:00,2026-05-01T21:31:19-07:00,4,26
projects\index.html,13,html,46f5dfb9,Sweekrit-B,2026-05-01,21:31:19,-07:00,2026-05-01T21:31:19-07:00,6,54
projects\index.html,14,html,46f5dfb9,Sweekrit-B,2026-05-01,21:31:19,-07:00,2026-05-01T21:31:19-07:00,6,22
projects\index.html,15,html,46f5dfb9,Sweekrit-B,2026-05-01,21:31:19,-07:00,2026-05-01T21:31:19-07:00,4,4
projects\index.html,16,html,46f5dfb9,Sweekrit-B,2026-05-01,21:31:19,-07:00,2026-05-01T21:31:19-07:00,4,31
projects\index.html,17,html,46f5dfb9,Sweekrit-B,2026-05-01,21:31:19,-07:00,2026-05-01T21:31:19-07:00,4,27
projects\index.html,18,html,46f5dfb9,Sweekrit-B,2026-05-01,21:31:19,-07:00,2026-05-01T21:31:19-07:00,6,4
projects\index.html,19,html,46f5dfb9,Sweekrit-B,2026-05-01,21:31:19,-07:00,2026-05-01T21:31:19-07:00,8,15
projects\index.html,20,html,46f5dfb9,Sweekrit-B,2026-05-01,21:31:19,-07:00,2026-05-01T21:31:19-07:00,8,11
projects\index.html,21,html,46f5dfb9,Sweekrit-B,2026-05-01,21:31:19,-07:00,2026-05-01T21:31:19-07:00,8,26
projects\index.html,22,html,46f5dfb9,Sweekrit-B,2026-05-01,21:31:19,-07:00,2026-05-01T21:31:19-07:00,8,28
projects\index.html,23,html,46f5dfb9,Sweekrit-B,2026-05-01,21:31:19,-07:00,2026-05-01T21:31:19-07:00,6,0
projects\index.html,24,html,46f5dfb9,Sweekrit-B,2026-05-01,21:31:19,-07:00,2026-05-01T21:31:19-07:00,6,48
projects\index.html,25,html,46f5dfb9,Sweekrit-B,2026-05-01,21:31:19,-07:00,2026-05-01T21:31:19-07:00,4,4
projects\index.html,26,html,f88db4be,Sweekrit-B,2026-04-10,20:10:18,-07:00,2026-04-10T20:10:18-07:00,4,31
projects\index.html,27,html,04a020ad,Sweekrit-B,2026-04-24,13:50:40,-07:00,2026-04-24T13:50:40-07:00,4,26
projects\index.html,28,html,1e6cabd3,Sweekrit-B,2026-04-08,18:56:49,-07:00,2026-04-08T18:56:49-07:00,2,4
projects\index.html,29,html,1e6cabd3,Sweekrit-B,2026-04-08,18:56:49,-07:00,2026-04-08T18:56:49-07:00,0,5
projects\index.html,30,html,04a020ad,Sweekrit-B,2026-04-24,13:50:40,-07:00,2026-04-24T13:50:40-07:00,0,49
projects\index.html,31,html,1e6cabd3,Sweekrit-B,2026-04-08,18:56:49,-07:00,2026-04-08T18:56:49-07:00,0,5
contact\index.html,1,html,1ce71b76,Sweekrit-B,2026-04-02,19:24:58,-07:00,2026-04-02T19:24:58-07:00,0,13
contact\index.html,2,html,1ce71b76,Sweekrit-B,2026-04-02,19:24:58,-07:00,2026-04-02T19:24:58-07:00,0,14
contact\index.html,3,html,1ce71b76,Sweekrit-B,2026-04-02,19:24:58,-07:00,2026-04-02T19:24:58-07:00,0,4
contact\index.html,4,html,1ce71b76,Sweekrit-B,2026-04-02,19:24:58,-07:00,2026-04-02T19:24:58-07:00,2,20
contact\index.html,5,html,1ce71b76,Sweekrit-B,2026-04-02,19:24:58,-07:00,2026-04-02T19:24:58-07:00,2,68
contact\index.html,6,html,1ce71b76,Sweekrit-B,2026-04-02,19:24:58,-07:00,2026-04-02T19:24:58-07:00,2,41
contact\index.html,7,html,1ce71b76,Sweekrit-B,2026-04-02,19:24:58,-07:00,2026-04-02T19:24:58-07:00,2,25
contact\index.html,8,html,1ce71b76,Sweekrit-B,2026-04-02,19:24:58,-07:00,2026-04-02T19:24:58-07:00,0,5
contact\index.html,9,html,1ce71b76,Sweekrit-B,2026-04-02,19:24:58,-07:00,2026-04-02T19:24:58-07:00,0,4
contact\index.html,10,html,f88db4be,Sweekrit-B,2026-04-10,20:10:18,-07:00,2026-04-10T20:10:18-07:00,2,19
contact\index.html,11,html,f88db4be,Sweekrit-B,2026-04-10,20:10:18,-07:00,2026-04-10T20:10:18-07:00,4,17
contact\index.html,12,html,f5a59954,Sweekrit-B,2026-04-16,17:38:03,-07:00,2026-04-16T17:38:03-07:00,4,71
contact\index.html,13,html,f88db4be,Sweekrit-B,2026-04-10,20:10:18,-07:00,2026-04-10T20:10:18-07:00,6,5
contact\index.html,14,html,f88db4be,Sweekrit-B,2026-04-10,20:10:18,-07:00,2026-04-10T20:10:18-07:00,8,6
contact\index.html,15,html,f88db4be,Sweekrit-B,2026-04-10,20:10:18,-07:00,2026-04-10T20:10:18-07:00,8,32
contact\index.html,16,html,f88db4be,Sweekrit-B,2026-04-10,20:10:18,-07:00,2026-04-10T20:10:18-07:00,6,6
contact\index.html,17,html,f88db4be,Sweekrit-B,2026-04-10,20:10:18,-07:00,2026-04-10T20:10:18-07:00,6,5
contact\index.html,18,html,f88db4be,Sweekrit-B,2026-04-10,20:10:18,-07:00,2026-04-10T20:10:18-07:00,8,6
contact\index.html,19,html,f88db4be,Sweekrit-B,2026-04-10,20:10:18,-07:00,2026-04-10T20:10:18-07:00,8,31
contact\index.html,20,html,f88db4be,Sweekrit-B,2026-04-10,20:10:18,-07:00,2026-04-10T20:10:18-07:00,6,6
contact\index.html,21,html,f88db4be,Sweekrit-B,2026-04-10,20:10:18,-07:00,2026-04-10T20:10:18-07:00,6,21
contact\index.html,22,html,f88db4be,Sweekrit-B,2026-04-10,20:10:18,-07:00,2026-04-10T20:10:18-07:00,4,5
contact\index.html,23,html,f88db4be,Sweekrit-B,2026-04-10,20:10:18,-07:00,2026-04-10T20:10:18-07:00,2,4
contact\index.html,24,html,1ce71b76,Sweekrit-B,2026-04-02,19:24:58,-07:00,2026-04-02T19:24:58-07:00,0,5
contact\index.html,25,html,f5a59954,Sweekrit-B,2026-04-16,17:38:03,-07:00,2026-04-16T17:38:03-07:00,0,48
contact\index.html,26,html,1ce71b76,Sweekrit-B,2026-04-02,19:24:58,-07:00,2026-04-02T19:24:58-07:00,0,5
